Question_ID	Annotation_ID	Label	Span_Start	Span_End	Original_Span	Correction
Q001	1	WrongAyah	334	389	إِنَّ اللَّهَ وَمَلَائِكَتَهُ يُحِبُّونَ الْمُحْسِنِينَ	خطأ
Q001	2	WrongAyah	598	656	إِنَّ اللَّهَ يُحِبُّ التَّوْبَةَ وَيُحِبُّ الْمُحْسِنِينَ	خطأ
Q001	3	WrongAyah	761	808	إِنَّكَ لَتَعْبُدُ اللَّهَ إِنْ كُنْتَ صَادِقًا	خطأ
Q010	1	CorrectAyah	180	312	لَقَدْ كَانَ لَكُمْ فِي رَسُولِ اللَّهِ أُسْوَةٌ حَسَنَةٌ لِمَن كَانَ يَرْجُو اللَّهَ وَالْيَوْمَ الْآخِرَ وَذَكَرَ اللَّهَ كَثِيرًا	لَقَدْ كَانَ لَكُمْ فِي رَسُولِ اللَّهِ أُسْوَةٌ حَسَنَةٌ لِمَن كَانَ يَرْجُو اللَّهَ وَالْيَوْمَ الْآخِرَ وَذَكَرَ اللَّهَ كَثِيرًا
Q010	2	WrongAyah	1004	1076	فَانْكِحُوا مَا طَابَ لَكُمْ مِنَ النِّسَاءِ مَثْنَى وَثُلَاثَ وَرُبَاعَ	وَإِنْ خِفْتُمْ أَلَّا تُقْسِطُوا فِي الْيَتَامَىٰ فَانْكِحُوا مَا طَابَ لَكُمْ مِنَ النِّسَاءِ مَثْنَىٰ وَثُلَاثَ وَرُبَاعَ ۖ فَإِنْ خِفْتُمْ أَلَّا تَعْدِلُوا فَوَاحِدَةً أَوْ مَا مَلَكَتْ أَيْمَانُكُمْ ۚ ذَٰلِكَ أَدْنَىٰ أَلَّا تَعُولُوا
Q010	3	WrongHadith	571	600	اختر منهم أربعاً وفارق سائرهن	خطأ
Q010	4	WrongHadith	705	721	اختر منهن أربعاً	خطأ
Q011	1	WrongAyah	99	144	فانكحوا ما طاب لكم من النساء مثنى وثلاث ورباع	وَإِنْ خِفْتُمْ أَلَّا تُقْسِطُوا فِي الْيَتَامَىٰ فَانْكِحُوا مَا طَابَ لَكُمْ مِنَ النِّسَاءِ مَثْنَىٰ وَثُلَاثَ وَرُبَاعَ ۖ فَإِنْ خِفْتُمْ أَلَّا تَعْدِلُوا فَوَاحِدَةً أَوْ مَا مَلَكَتْ أَيْمَانُكُمْ ۚ ذَٰلِكَ أَدْنَىٰ أَلَّا تَعُولُوا
Q012	1	WrongAyah	105	268	أَوَلَمْ يَرَ الَّذِينَ كَفَرُوا أَنَّ السَّمَاوَاتِ وَالْأَرْضَ كَانَتَا رَتْقًا فَفَتَقْنَاهُمَا وَجَعَلْنَا مِنَ الْمَاءِ كُلَّ شَيْءٍ حَيٍّ أَفَلَا يُؤْمِنُونَ	أَوَلَمْ يَرَ الَّذِينَ كَفَرُوا أَنَّ السَّمَاوَاتِ وَالْأَرْضَ كَانَتَا رَتْقًا فَفَتَقْنَاهُمَا وَجَعَلْنَا مِنَ الْمَاءِ كُلَّ شَيْءٍ حَيٍّ أَفَلَا يُؤْمِنُونَ
Q012	2	WrongAyah	319	422	وَفِي قُلُوبِهِمْ مَرَضٌ فَزَادَهُمُ اللَّهُ مَرَضًا وَلَهُمْ عَذَابٌ أَلِيمٌ بِمَا كَانُوا يَكْذِبُونَ	فِي قُلُوبِهِمْ مَرَضٌ فَزَادَهُمُ اللَّهُ مَرَضًا ۖ وَلَهُمْ عَذَابٌ أَلِيمٌ بِمَا كَانُوا يَكْذِبُونَ
Q012	3	WrongHadith	523	600	إن في الجسد مضغة إذا صلحت صلح الجسد كله وإذا فسدت فسد الجسد كله ألا وهي القلب	ألا وإن في الجسد مضغة إذا صلحت صلح الجسد كله وإذا فسدت فسد الجسد كله ألا وهي القلب
Q014	1	CorrectAyah	146	209	إِنَّا هَدَيْنَاهُ السَّبِيلَ إِمَّا شَاكِرًا وَإِمَّا كَفُورًا	إِنَّا هَدَيْنَاهُ السَّبِيلَ إِمَّا شَاكِرًا وَإِمَّا كَفُورًا
Q014	2	WrongAyah	375	420	فَمَنْ شَاءَ اتَّخَذَ إِلَىٰ رَبِّهِ سَبِيلًا	إِنَّ هَذِهِ تَذْكِرَةٌ ۖ فَمَنْ شَاءَ اتَّخَذَ إِلَىٰ رَبِّهِ سَبِيلًا
Q014	3	WrongHadith	569	612	إنما الأعمال بالنيات، وإنما لكل امرئ ما نوى	خطأ
Q014	4	WrongHadith	783	827	لا يؤمن أحدكم حتى يكون هواه تبعًا لما جئت به	خطأ
Q014	5	WrongHadith	1027	1071	لا يؤمن أحدكم حتى يكون هواه تبعًا لما جئت به	خطأ
Q014	6	WrongHadith	1271	1315	لا يؤمن أحدكم حتى يكون هواه تبعًا لما جئت به	خطأ
Q014	7	WrongHadith	1515	1559	لا يؤمن أحدكم حتى يكون هواه تبعًا لما جئت به	خطأ
Q014	8	WrongHadith	1759	1803	لا يؤمن أحدكم حتى يكون هواه تبعًا لما جئت به	خطأ
Q014	9	WrongHadith	2003	2047	لا يؤمن أحدكم حتى يكون هواه تبعًا لما جئت به	خطأ
Q014	10	WrongHadith	2247	2291	لا يؤمن أحدكم حتى يكون هواه تبعًا لما جئت به	خطأ
Q014	11	WrongHadith	2491	2535	لا يؤمن أحدكم حتى يكون هواه تبعًا لما جئت به	خطأ
Q014	12	WrongHadith	2735	2779	لا يؤمن أحدكم حتى يكون هواه تبعًا لما جئت به	خطأ
Q014	13	WrongHadith	2979	3023	لا يؤمن أحدكم حتى يكون هواه تبعًا لما جئت به	خطأ
Q014	14	WrongHadith	3223	3267	لا يؤمن أحدكم حتى يكون هواه تبعًا لما جئت به	خطأ
Q014	15	WrongHadith	3467	3511	لا يؤمن أحدكم حتى يكون هواه تبعًا لما جئت به	خطأ
Q014	16	WrongHadith	3711	3755	لا يؤمن أحدكم حتى يكون هواه تبعًا لما جئت به	خطأ
Q015	1	WrongAyah	409	477	إِنَّ اللَّهَ لَا يَغْفِرُ أَنْ يُشْرَكَ بِهِ وَيَغْفِرُ مَا يَشَاءُ	إِنَّ اللَّهَ لَا يَغْفِرُ أَنْ يُشْرَكَ بِهِ وَيَغْفِرُ مَا دُونَ ذَٰلِكَ لِمَنْ يَشَاءُ ۚ وَمَنْ يُشْرِكْ بِاللَّهِ فَقَدِ افْتَرَىٰ إِثْمًا عَظِيمًا
Q015	2	WrongAyah	630	683	إِنَّ اللَّهَ يُدْرِكُ مَا تَشْتَهِي وَمَا تَنْهَوْنَ	خطأ
Q015	3	WrongAyah	901	958	فَأَمَّا مَنْ أَعْطَى وَاتَّقَى وَصَدَقَ بِالْحَقِّ فَإِن	خطأ
Q016	1	WrongAyah	280	357	إِذَا سَمِعْتُمْ صَوْتَهُ فَلَا تَأْمَنُوا بِهِ وَلَا تَحْسَبُوا أَنَّهُ هُوَ	خطأ
Q018	1	WrongAyah	130	205	وَسَلَامٌ عَلَيَّ يَوْمَ وُلِدْتُ وَيَوْمَ أَمُوتُ وَيَوْمَ أُبْعَثُ حَيًّا	وَالسَّلَامُ عَلَيَّ يَوْمَ وُلِدْتُ وَيَوْمَ أَمُوتُ وَيَوْمَ أُبْعَثُ حَيًّا
Q018	2	WrongHadith	288	332	من صلى علي صلاة واحدة صلى الله عليه بها عشرا	خطأ
Q018	3	WrongHadith	413	452	من صلى علي واحدة صلى الله عليه بها عشرا	خطأ
Q021	1	WrongAyah	488	496	وَإِنَّك	خطأ
Q023	1	WrongAyah	544	618	وَلَمّا بَلَغَ أَشُدَّهُ آتَيْنَاهُ حُكماً وَعِلماً وَنَعَّيْنَاهُ نَعيماً	وَلَمَّا بَلَغَ أَشُدَّهُ آتَيْنَاهُ حُكْمًا وَعِلْمًا ۚ وَكَذَٰلِكَ نَجْزِي الْمُحْسِنِينَ
Q023	2	WrongAyah	654	728	وَلَمّا بَلَغَ أَشُدَّهُ آتَيْنَاهُ حُكماً وَعِلماً وَنَعَّيْنَاهُ نَعيماً	وَلَمَّا بَلَغَ أَشُدَّهُ آتَيْنَاهُ حُكْمًا وَعِلْمًا ۚ وَكَذَٰلِكَ نَجْزِي الْمُحْسِنِينَ
Q023	3	WrongHadith	828	1090	يُؤمَنُ بِالرُؤيا أَبَداً، وَأَولَئِكَ أَولَئِكَ الرُؤيا أَبَداً. يُؤمَنُ بِالرُؤيا أَبَداً، وَأَولَئِكَ أَولَئِكَ الرُؤيا أَبَداً. يُؤمَنُ بِالرُؤيا أَبَداً، وَأَولَئِكَ أَولَئِكَ الرُؤيا أَبَداً. يُؤمَنُ بِالرُؤيا أَبَداً، وَأَولَئِكَ أَولَئِكَ الرُؤيا أَبَداً	خطأ
Q023	4	WrongHadith	1143	1207	يُؤمَنُ بِالرُؤيا أَبَداً، وَأَولَئِكَ أَولَئِكَ الرُؤيا أَبَداً	خطأ
Q023	5	WrongHadith	1257	1321	يُؤمَنُ بِالرُؤيا أَبَداً، وَأَولَئِكَ أَولَئِكَ الرُؤيا أَبَداً	خطأ
Q023	6	WrongHadith	1374	1438	يُؤمَنُ بِالرُؤيا أَبَداً، وَأَولَئِكَ أَولَئِكَ الرُؤيا أَبَداً	خطأ
Q024	1	WrongAyah	134	190	وَاللائِيَاتُ مَقِيَاتُهُنَّ مَقِيَاتُ أُمِّ الْقُرَيْءِ	خطأ
Q024	2	WrongHadith	256	285	لا عدة لِلمَرْأَةِ وَالرَجُلِ	خطأ
Q026	1	WrongAyah	156	284	قَالَ يَا قَوْمِ لِمَ تَعْجَبُونَ مِنْ أَنْ يَأْتِيَكُمْ رِجَالٌ يَنْصُرُونَ مِنْ عِنْدِ اللَّهِ وَبَشِّرُوهُمْ بِقَدَرٍ عَظِيمٍ	خطأ
Q027	1	WrongHadith	140	215	من مات دون دينه فهو شهيد ومن مات دون دمه فهو شهيد ومن مات دون أرضه فهو شهيد	خطأ
Q027	2	WrongAyah	237	295	ومن يقاتل في سبيل الله فيقتل أو يغلب فسوف يؤتيه أجرا عظيما	فَلْيُقَاتِلْ فِي سَبِيلِ اللَّهِ الَّذِينَ يَشْرُونَ الْحَيَاةَ الدُّنْيَا بِالْآخِرَةِ ۚ وَمَنْ يُقَاتِلْ فِي سَبِيلِ اللَّهِ فَيُقْتَلْ أَوْ يَغْلِبْ فَسَوْفَ نُؤْتِيهِ أَجْرًا عَظِيمًا
Q028	1	WrongAyah	235	261	وَإِذْ أَخَذَ الْكِتَابُ ب	وَلُوطًا إِذْ قَالَ لِقَوْمِهِ أَتَأْتُونَ الْفَاحِشَةَ مَا سَبَقَكُمْ بِهَا مِنْ أَحَدٍ مِنَ الْعَالَمِينَ
Q030	1	WrongAyah	126	327	وَقَالَ لَهُمْ نُوحٌ أَلَا تَتُوبُونَ إِلَى اللَّهِ يَا بَنِي آدَمَ أَنَّهُ هُوَ رَبُّكُمْ أَرَضَانَ أَنْ تُفْسِدُوا فِي الْأَرْضِ وَتُخْرِجُوا مِنْهَا دُونَ اللَّهِ سِبْيًا أَأَنتُم بِهَذَا ظَالِمُونَ	خطأ
Q030	2	WrongAyah	343	479	وَقَالَ لَهُمْ نُوحٌ أَلَا تَتَخْشَعُونَ قَالَ رَبِّ إِنَّهُمْ عَصَوْنَ وَاتَّبَعُوا أَهْوَاءَهُمْ وَكُلُ أُمَّةٍ بِنَصْبِهَا أَجَزَاءُ	خطأ
Q030	3	WrongAyah	515	553	قَالَ رَبِّ إِنَّ قَوْمِيْ تَخْدَعُونَ	خطأ
Q030	4	WrongAyah	583	681	وَلَقَدْ أَرْسَلْنَا فِرْعَوْنَ إِلَى بَنِي إِسْرَائِيلَ فَقَالَ لَهُمْ أَنَا رَبُّكُمُ الْأَعْلَى	خطأ
Q030	5	WrongAyah	715	934	وَإِن جَزِبْنَاهُمْ حَتّى إِذَا جَزِبْنَاهُمْ بَخِيلٌ كَأَن لَمْ نَرَوْهُمْ وَدَخَلْنَاهُمْ بَخِيلًا كَأَن لَمْ نَخْلُقْهُمْ بَلْ هُمْ قَوْمٌ طَغَى فِي الْعِلْمِ وَاتَّبَعُوا لَهْوَ قَلْبِهِمْ وَزَعَزَعَهُمُ الْبَخِلاءُ	خطأ
Q030	6	WrongAyah	968	1076	وَقَالَ لَهُمْ أَتَعْرِفُونَ اللَّهَ وَهُوَ يُزَيِّلُكُمْ لَهُ دِينُكُمْ وَلَوْ شَاءَ لَرَفَعَكُمْ تَضْوَلاً	خطأ
Q030	7	WrongAyah	1109	1202	وَلَقَدْ أَرْسَلْنَا إِلَيْهِمْ رَسُولًا مِنْهُمْ فَقَالُوا لَوْ يَطَاعُ مِنْهُمْ لَأَطَعْنَا	خطأ
Q030	8	WrongAyah	1235	1328	وَلَقَدْ أَرْسَلْنَا إِلَيْهِمْ رَسُولًا مِنْهُمْ فَقَالُوا لَوْ يَطَاعُ مِنْهُمْ لَأَطَعْنَا	خطأ
Q030	9	WrongAyah	1361	1454	وَلَقَدْ أَرْسَلْنَا إِلَيْهِمْ رَسُولًا مِنْهُمْ فَقَالُوا لَوْ يَطَاعُ مِنْهُمْ لَأَطَعْنَا	خطأ
Q030	10	WrongAyah	1487	1580	وَلَقَدْ أَرْسَلْنَا إِلَيْهِمْ رَسُولًا مِنْهُمْ فَقَالُوا لَوْ يَطَاعُ مِنْهُمْ لَأَطَعْنَا	خطأ
Q030	11	WrongAyah	1613	1706	وَلَقَدْ أَرْسَلْنَا إِلَيْهِمْ رَسُولًا مِنْهُمْ فَقَالُوا لَوْ يَطَاعُ مِنْهُمْ لَأَطَعْنَا	خطأ
Q031	1	WrongAyah	252	406	يَا أَيُّهَا النَّاسُ اتَّقُوا رَبَّكُمُ الَّذِي خَلَقَكُمْ مِنْ نَفْسٍ وَاحِدَةٍ وَخَلَقَ مِنْهَا زَوْجَهَا وَبَثَّ مِنْهُمَا رِجَالًا كَثِيرًا وَنِسَاءً	خطأ
Q031	2	WrongAyah	580	707	وَمِنْ آيَاتِهِ أَنْ خَلَقَ لَكُمْ مِنْ أَنْفُسِكُمْ أَزْوَاجًا لِتَسْكُنُوا إِلَيْهَا وَجَعَلَ بَيْنَكُمْ مَوَدَّةً وَرَحْمَةً	وَمِنْ آيَاتِهِ أَنْ خَلَقَ لَكُمْ مِنْ أَنْفُسِكُمْ أَزْوَاجًا لِتَسْكُنُوا إِلَيْهَا وَجَعَلَ بَيْنَكُمْ مَوَدَّةً وَرَحْمَةً ۚ إِنَّ فِي ذَٰلِكَ لَآيَاتٍ لِقَوْمٍ يَتَفَكَّرُونَ
Q031	3	WrongHadith	963	1076	يا معشر الشباب، من استطاع منكم الباءة فليتزوج، فإنه أغض للبصر وأحصن للفرج، ومن لم يستطع فعليه بالصوم فإنه له وجاء	خطأ
Q031	4	WrongHadith	1145	1200	لا ينظر الرجل إلى عورة الرجل ولا المرأة إلى عورة المرأة	خطأ
Q033	1	WrongAyah	389	587	وَإِنَّهُمْ لَيَتَمَنَّوْنَ أَنْ يُرَدُّوا فِي الْأَرْضِ وَيَعْلَمُونَ أَنَّهُمْ لَا يُغْنِيُونَ عَنْهُمْ شَيْئًا وَأَنَّ الْآخِرَةَ هِيَ الْوَاقِعَةُ وَإِنَّهُمْ لَيَسْتَخْفُونَ فِي الْأَرْضِ وَإِن	إِنَّ الَّذِينَ كَذَّبُوا بِآيَاتِنَا وَاسْتَكْبَرُوا عَنْهَا لَا تُفَتَّحُ لَهُمْ أَبْوَابُ السَّمَاءِ وَلَا يَدْخُلُونَ الْجَنَّةَ حَتَّىٰ يَلِجَ الْجَمَلُ فِي سَمِّ الْخِيَاطِ ۚ وَكَذَٰلِكَ نَجْزِي الْمُجْرِمِينَ
Q034	1	WrongAyah	274	487	وَإِذْ أَخَذْنَا مِنَ الْأَنْبِيَاءِ أَكْثَرَ مِنْ أَنْبَىٰ وَجَعَلْنَا لَهُمْ مَنَاصِرَ وَأَخْرَجْنَا لَهُمْ مِنَ الْأَرْضِ حِمْلَهُمْ وَأَمْطَرْنَا عَلَيْهِمْ مَطَرًا فَأَنْبَتْنَا لَهُمْ مِنَ الْأَرْضِ حَصِيدًا	خطأ
Q034	2	WrongAyah	494	562	وَإِذْ أَسْرَىٰ بِهِمْ رَبُّكَ فِي الْلَّيْلِ وَهُمْ مُسْتَنْجِذُونَ	خطأ
Q034	3	WrongAyah	569	693	فَأَخْرَجْنَا لَهُمْ مِنَ الْأَرْضِ حِمْلَهُمْ وَأَمْطَرْنَا عَلَيْهِمْ مَطَرًا فَأَنْبَتْنَا لَهُمْ مِنَ الْأَرْضِ حَصِيدًا	خطأ
Q035	1	WrongAyah	156	324	ومَن قُتِلَ مَقتولًا فَنِساؤهُ حِجرًا إِلَيهِنَّ صَدَغَةً أَسْنَمَةً وَابْنَةٍ مُقَتَّلَةٍ لَهُنَّ مِثْلُ حِجْرِهِنَّ بِالْمَعروفِ وَاتَّقُوا اللَّهَ الَّذِي تُوعَدُونَ	يَا أَيُّهَا الَّذِينَ آمَنُوا لَا يَحِلُّ لَكُمْ أَنْ تَرِثُوا النِّسَاءَ كَرْهًا ۖ وَلَا تَعْضُلُوهُنَّ لِتَذْهَبُوا بِبَعْضِ مَا آتَيْتُمُوهُنَّ إِلَّا أَنْ يَأْتِينَ بِفَاحِشَةٍ مُبَيِّنَةٍ ۚ وَعَاشِرُوهُنَّ بِالْمَعْرُوفِ ۚ فَإِنْ كَرِهْتُمُوهُنَّ فَعَسَىٰ أَنْ تَكْرَهُوا شَيْئًا وَيَجْعَلَ اللَّهُ فِيهِ خَيْرًا كَثِيرًا
Q035	2	WrongHadith	379	418	من قتل في سبيل الله فمن شهدته فله الجنة	خطأ
Q035	3	WrongHadith	433	476	من قتل في سبيل الله أُجيرته من النار كل يوم	خطأ
Q035	4	WrongHadith	491	539	من قتل في سبيل الله أُجيرته من النار يوم القيامة	خطأ
Q035	5	WrongHadith	554	607	من قتل في سبيل الله أُجيرته من النار كل يوم وشهر وشهر	خطأ
Q036	1	WrongAyah	29	165	يَا أَيُّهَا الَّذِينَ آمَنُوا هَلْ أَدُلُّكُمْ عَلَى تِجَارَةٍ تُنْجِيكُمْ مِنْ عَذَابٍ أَلِيمٍ * تُؤْمِنُونَ بِاللَّهِ وَرَسُولِهِ وَتُجَاهِدُونَ فِي سَبِيلِ اللَّهِ بِأَمْوَالِكُمْ وَأَنْفُسِكُمْ ذَلِكُمْ خَيْرٌ لَكُمْ إِنْ كُنْتُمْ تَعْلَمُونَ	يَا أَيُّهَا الَّذِينَ آمَنُوا هَلْ أَدُلُّكُمْ عَلَىٰ تِجَارَةٍ تُنْجِيكُمْ مِنْ عَذَابٍ أَلِيمٍ تُؤْمِنُونَ بِاللَّهِ وَرَسُولِهِ وَتُجَاهِدُونَ فِي سَبِيلِ اللَّهِ بِأَمْوَالِكُمْ وَأَنْفُسِكُمْ ۚ ذَٰلِكُمْ خَيْرٌ لَكُمْ إِنْ كُنْتُمْ تَعْلَمُونَ
Q036	2	WrongHadith	177	326	مَن قُتِلَ دُونَ مَالِهِ فَهُوَ شَهِيدٌ، وَمَنْ قُتِلَ دُونَ أَهْلِهِ فَهُوَ شَهِيدٌ، وَمَنْ قُتِلَ دُونَ دِينِهِ فَهُوَ شَهِيدٌ، وَمَنْ قُتِلَ دُونَ دَمٍ هَدَرٍ فَهُوَ شَهِيدٌ	خطأ
Q036	3	WrongHadith	338	487	مَن قُتِلَ دُونَ مَالِهِ فَهُوَ شَهِيدٌ، وَمَنْ قُتِلَ دُونَ أَهْلِهِ فَهُوَ شَهِيدٌ، وَمَنْ قُتِلَ دُونَ دِينِهِ فَهُوَ شَهِيدٌ، وَمَنْ قُتِلَ دُونَ دَمٍ هَدَرٍ فَهُوَ شَهِيدٌ	خطأ
Q036	4	WrongHadith	499	648	مَن قُتِلَ دُونَ مَالِهِ فَهُوَ شَهِيدٌ، وَمَنْ قُتِلَ دُونَ أَهْلِهِ فَهُوَ شَهِيدٌ، وَمَنْ قُتِلَ دُونَ دِينِهِ فَهُوَ شَهِيدٌ، وَمَنْ قُتِلَ دُونَ دَمٍ هَدَرٍ فَهُوَ شَهِيدٌ	خطأ
Q036	5	WrongHadith	660	809	مَن قُتِلَ دُونَ مَالِهِ فَهُوَ شَهِيدٌ، وَمَنْ قُتِلَ دُونَ أَهْلِهِ فَهُوَ شَهِيدٌ، وَمَنْ قُتِلَ دُونَ دِينِهِ فَهُوَ شَهِيدٌ، وَمَنْ قُتِلَ دُونَ دَمٍ هَدَرٍ فَهُوَ شَهِيدٌ	خطأ
Q036	6	WrongHadith	821	970	مَن قُتِلَ دُونَ مَالِهِ فَهُوَ شَهِيدٌ، وَمَنْ قُتِلَ دُونَ أَهْلِهِ فَهُوَ شَهِيدٌ، وَمَنْ قُتِلَ دُونَ دِينِهِ فَهُوَ شَهِيدٌ، وَمَنْ قُتِلَ دُونَ دَمٍ هَدَرٍ فَهُوَ شَهِيدٌ	خطأ
Q036	7	WrongHadith	982	1131	مَن قُتِلَ دُونَ مَالِهِ فَهُوَ شَهِيدٌ، وَمَنْ قُتِلَ دُونَ أَهْلِهِ فَهُوَ شَهِيدٌ، وَمَنْ قُتِلَ دُونَ دِينِهِ فَهُوَ شَهِيدٌ، وَمَنْ قُتِلَ دُونَ دَمٍ هَدَرٍ فَهُوَ شَهِيدٌ	خطأ
Q036	8	WrongHadith	1143	1292	مَن قُتِلَ دُونَ مَالِهِ فَهُوَ شَهِيدٌ، وَمَنْ قُتِلَ دُونَ أَهْلِهِ فَهُوَ شَهِيدٌ، وَمَنْ قُتِلَ دُونَ دِينِهِ فَهُوَ شَهِيدٌ، وَمَنْ قُتِلَ دُونَ دَمٍ هَدَرٍ فَهُوَ شَهِيدٌ	خطأ
Q036	9	WrongHadith	1304	1453	مَن قُتِلَ دُونَ مَالِهِ فَهُوَ شَهِيدٌ، وَمَنْ قُتِلَ دُونَ أَهْلِهِ فَهُوَ شَهِيدٌ، وَمَنْ قُتِلَ دُونَ دِينِهِ فَهُوَ شَهِيدٌ، وَمَنْ قُتِلَ دُونَ دَمٍ هَدَرٍ فَهُوَ شَهِيدٌ	خطأ
Q036	10	WrongHadith	1465	1614	مَن قُتِلَ دُونَ مَالِهِ فَهُوَ شَهِيدٌ، وَمَنْ قُتِلَ دُونَ أَهْلِهِ فَهُوَ شَهِيدٌ، وَمَنْ قُتِلَ دُونَ دِينِهِ فَهُوَ شَهِيدٌ، وَمَنْ قُتِلَ دُونَ دَمٍ هَدَرٍ فَهُوَ شَهِيدٌ	خطأ
Q036	11	WrongHadith	1626	1775	مَن قُتِلَ دُونَ مَالِهِ فَهُوَ شَهِيدٌ، وَمَنْ قُتِلَ دُونَ أَهْلِهِ فَهُوَ شَهِيدٌ، وَمَنْ قُتِلَ دُونَ دِينِهِ فَهُوَ شَهِيدٌ، وَمَنْ قُتِلَ دُونَ دَمٍ هَدَرٍ فَهُوَ شَهِيدٌ	خطأ
Q036	12	WrongHadith	1787	1936	مَن قُتِلَ دُونَ مَالِهِ فَهُوَ شَهِيدٌ، وَمَنْ قُتِلَ دُونَ أَهْلِهِ فَهُوَ شَهِيدٌ، وَمَنْ قُتِلَ دُونَ دِينِهِ فَهُوَ شَهِيدٌ، وَمَنْ قُتِلَ دُونَ دَمٍ هَدَرٍ فَهُوَ شَهِيدٌ	خطأ
Q036	13	WrongHadith	1948	2097	مَن قُتِلَ دُونَ مَالِهِ فَهُوَ شَهِيدٌ، وَمَنْ قُتِلَ دُونَ أَهْلِهِ فَهُوَ شَهِيدٌ، وَمَنْ قُتِلَ دُونَ دِينِهِ فَهُوَ شَهِيدٌ، وَمَنْ قُتِلَ دُونَ دَمٍ هَدَرٍ فَهُوَ شَهِيدٌ	خطأ
Q036	14	WrongHadith	2109	2258	مَن قُتِلَ دُونَ مَالِهِ فَهُوَ شَهِيدٌ، وَمَنْ قُتِلَ دُونَ دِينِهِ فَهُوَ شَهِيدٌ	خطأ
Q037	1	CorrectAyah	115	261	قُلْ آمِنُوا بِهِ أَوْ لَا تُؤْمِنُوا إِنَّ الَّذِينَ أُوتُوا الْعِلْمَ مِنْ قَبْلِهِ إِذَا يُتْلَى عَلَيْهِمْ يَخِرُّونَ لِلْأَذْقَانِ سُجَّدًا	قُلْ آمِنُوا بِهِ أَوْ لَا تُؤْمِنُوا إِنَّ الَّذِينَ أُوتُوا الْعِلْمَ مِنْ قَبْلِهِ إِذَا يُتْلَى عَلَيْهِمْ يَخِرُّونَ لِلْأَذْقَانِ سُجَّدًا
Q037	2	WrongHadith	374	397	إن لله أهلين من الناس	خطأ
Q037	3	WrongHadith	427	458	هم أهل القرآن أهل الله وخاصته	خطأ
Q037	4	WrongHadith	584	607	القرآن حجة لك أو عليك	خطأ
Q037	5	CorrectAyah	746	802	تَنزِيلُ الْكِتَابِ مِنَ اللَّهِ الْعَزِيزِ الْحَكِيمِ	تَنزِيلُ الْكِتَابِ مِنَ اللَّهِ الْعَزِيزِ الْحَكِيمِ
Q037	6	CorrectAyah	836	929	إِنَّا أَنْزَلْنَا إِلَيْكَ الْكِتَابَ بِالْحَقِّ فَاعْبُدِ اللَّهَ مُخْلِصًا لَهُ الدِّينَ	إِنَّا أَنْزَلْنَا إِلَيْكَ الْكِتَابَ بِالْحَقِّ فَاعْبُدِ اللَّهَ مُخْلِصًا لَهُ الدِّينَ
Q037	7	CorrectAyah	1078	1188	الَّذِينَ آمَنُوا وَتَطْمَئِنُّ قُلُوبُهُمْ بِذِكْرِ اللَّهِ ۗ أَلَا بِذِكْرِ اللَّهِ تَطْمَئِنُّ الْقُلُوبُ	الَّذِينَ آمَنُوا وَتَطْمَئِنُّ قُلُوبُهُمْ بِذِكْرِ اللَّهِ ۗ أَلَا بِذِكْرِ اللَّهِ تَطْمَئِنُّ الْقُلُوبُ
Q037	8	CorrectAyah	1322	1433	إِنَّ فِي خَلْقِ السَّمَاوَاتِ وَالْأَرْضِ وَاخْتِلَافِ اللَّيْلِ وَالنَّهَارِ لَآيَاتٍ لِأُولِي الْأَلْبَابِ	إِنَّ فِي خَلْقِ السَّمَاوَاتِ وَالْأَرْضِ وَاخْتِلَافِ اللَّيْلِ وَالنَّهَارِ لَآيَاتٍ لِأُولِي الْأَلْبَابِ
Q037	9	CorrectAyah	1594	1680	إِنَّمَا يَخْشَى اللَّهَ مِنْ عِبَادِهِ الْعُلَمَاءُ ۗ إِنَّ اللَّهَ عَزِيزٌ غَفُورٌ	إِنَّمَا يَخْشَى اللَّهَ مِنْ عِبَادِهِ الْعُلَمَاءُ ۗ إِنَّ اللَّهَ عَزِيزٌ غَفُورٌ
Q037	10	CorrectAyah	1820	1999	وَمَا قَدَرُوا اللَّهَ حَقَّ قَدْرِهِ ۗ وَالْأَرْضُ جَمِيعًا قَبْضَتُهُ يَوْمَ الْقِيَامَةِ وَالسَّمَاوَاتُ مَطْوِيَّاتٌ بِيَمِينِهِ ۗ سُبْحَانَهُ وَتَعَالَىٰ عَمَّا يُشْرِكُونَ	وَمَا قَدَرُوا اللَّهَ حَقَّ قَدْرِهِ ۗ وَالْأَرْضُ جَمِيعًا قَبْضَتُهُ يَوْمَ الْقِيَامَةِ وَالسَّمَاوَاتُ مَطْوِيَّاتٌ بِيَمِينِهِ ۗ سُبْحَانَهُ وَتَعَالَىٰ عَمَّا يُشْرِكُونَ
Q037	11	CorrectAyah	2151	2240	لَا تُدْرِكُهُ الْأَبْصَارُ وَهُوَ يُدْرِكُ الْأَبْصَارَ ۗ وَهُوَ اللَّطِيفُ الْخَبِيرُ	لَا تُدْرِكُهُ الْأَبْصَارُ وَهُوَ يُدْرِكُ الْأَبْصَارَ ۗ وَهُوَ اللَّطِيفُ الْخَبِيرُ
Q037	12	CorrectAyah	2391	2477	قُلْ يَا قَوْمِ اعْمَلُوا عَلَىٰ مَكَانَتِكُمْ إِنِّي عَامِلٌ ۖ فَسَوْفَ تَعْلَمُونَ	قُلْ يَا قَوْمِ اعْمَلُوا عَلَىٰ مَكَانَتِكُمْ إِنِّي عَامِلٌ ۖ فَسَوْفَ تَعْلَمُونَ
Q037	13	CorrectAyah	2630	2689	فَأَعْرِضْ عَنْهُمْ وَانْتَظِرْ ۖ إِنَّهُمْ مُنْتَظِرُونَ	فَأَعْرِضْ عَنْهُمْ وَانْتَظِرْ ۖ إِنَّهُمْ مُنْتَظِرُونَ
Q037	14	CorrectAyah	2829	2919	فَأَعْرِضْ عَنْ مَنْ تَوَلَّىٰ عَنْ ذِكْرِنَا وَلَمْ يُرِدْ إِلَّا الْحَيَاةَ الدُّنْيَا	فَأَعْرِضْ عَنْ مَنْ تَوَلَّىٰ عَنْ ذِكْرِنَا وَلَمْ يُرِدْ إِلَّا الْحَيَاةَ الدُّنْيَا
Q037	15	CorrectAyah	3065	3124	فَأَعْرِضْ عَنْهُمْ وَانْتَظِرْ ۖ إِنَّهُمْ مُنْتَظِرُونَ	فَأَعْرِضْ عَنْهُمْ وَانْتَظِرْ ۖ إِنَّهُمْ مُنْتَظِرُونَ
Q038	1	WrongAyah	219	341	وَلَا تَقْتُلُوا أَوْلَادَكُمْ خَشْيَةَ إِمْلَاقٍ نَحْنُ نَرْزُقُهُمْ وَإِيَّاكُمْ إِنَّ قَتْلَهُمْ كَانَ خِطْئًا كَبِيرًا	وَلَا تَقْتُلُوا أَوْلَادَكُمْ خَشْيَةَ إِمْلَاقٍ ۖ نَحْنُ نَرْزُقُهُمْ وَإِيَّاكُمْ ۖ إِنَّ قَتْلَهُمْ كَانَ خِطْئًا كَبِيرًا
Q038	2	CorrectAyah	388	425	وَمَا ذَٰلِكَ عَلَى اللَّهِ بِعَزِيزٍ	وَمَا ذَٰلِكَ عَلَى اللَّهِ بِعَزِيزٍ
Q038	3	WrongHadith	483	570	الإنسان إذا مات خُتم على قلبه، ويصبح السمع والبصر والشم واللسان شاهداً عليه يوم القيامة	خطأ
Q039	1	WrongAyah	2	51	الله وحده يعلم كم عانى وكم تحمل لينقذنا من الظلام	لَقَدْ كَانَ لَكُمْ فِي رَسُولِ اللَّهِ أُسْوَةٌ حَسَنَةٌ لِمَنْ كَانَ يَرْجُو اللَّهَ وَالْيَوْمَ الْآخِرَ وَذَكَرَ اللَّهَ كَثِيرًا
Q040	1	WrongAyah	157	238	وَقَالَ لَهُمْ لَوْ كُنتُمْ تَعْلَمُونَ لَمَكُROUTُ عَلَيْكُمْ بِالطُّورِ أَمَداً	خطأ
Q040	2	WrongAyah	357	437	وَقَالَ لَهُمْ لَوْ كُنتُمْ تَعْلَمُونَ لَمَكُروطُ عَلَيْكُمْ بِالطُّورِ أَمَداً	خطأ
Q040	3	WrongAyah	558	650	وَإِذْ قَالَ لَهُمْ رَجُلٌ مُؤْمِنٌ مِنْكُمْ لِلَّهِ وَصِيَّتُكُمْ إِنْ كُنْتُمْ مُؤْمِنِينَ	خطأ
Q040	4	WrongAyah	771	868	وَلَقَدْ أَرْسَلْنَا إِلَيْكُمْ رَسُولًا مِنْكُمْ تُؤْمِزُونَهُ عَلَيْكُمْ ضُرُباً وَتَوَلَوْنَهُ	خطأ
Q040	5	WrongHadith	1003	1058	إِنَّ الدَّجالَ يُقَوِّمُ صَوْتُهُ بِصَوْتِ النَّاقُوسِ	خطأ
Q040	6	WrongHadith	1187	1224	إِنَّ الصَّوْتَ يُقَوِّمُ بِالصَّوْتِ	خطأ
Q041	1	WrongAyah	187	434	قَالُوا يَا أَبَانَا مَا لَكَ لَا تَأْمَنَّا عَلَىٰ قَوْمِنَا وَإِنَّا لَرَأَيْنَاهُمْ صَالُوا النَّارِ ۖ قَالَ هَلْ آمَنُكُمْ عَلَيْهِ إِلَّا كَمَا أَمِنْتُكُمْ عَلَىٰ أَخِيهِ مِن قَبْلُ ۖ فَٱللَّهُ خَيْرٌ حَـٰفِظًۭا وَهُوَ أَرْحَمُ ٱلرَّٰحِمِينَ	قَالُوا يَا أَبَانَا مَا لَكَ لَا تَأْمَنَّا عَلَىٰ يُوسُفَ وَإِنَّا لَهُ لَنَاصِحُونَ
Q041	2	WrongAyah	482	637	وَكَذَٰلِكَ مَكَّنَّا لِيُوسُفَ فِي ٱلْأَرْضِ يَتَبَوَّأُ مِنْهَا حَيْثُ يَشَاءُ ۚ نُصِيبُ بِرَحْمَتِنَا مَن نَّشَاءُ ۖ وَلَا نُضِيعُ أَجْرَ ٱلْمُحْسِنِينَ	وَكَذَٰلِكَ مَكَّنَّا لِيُوسُفَ فِي الْأَرْضِ يَتَبَوَّأُ مِنْهَا حَيْثُ يَشَاءُ ۚ نُصِيبُ بِرَحْمَتِنَا مَنْ نَشَاءُ ۖ وَلَا نُضِيعُ أَجْرَ الْمُحْسِنِينَ
Q041	3	WrongHadith	701	981	لا تحاسدوا، ولا تناجشوا، ولا تباغضوا، ولا تدابروا، ولا يبع بعضكم على بيع بعض، وكونوا عباد الله إخوانا، المسلم أخو المسلم، لا يظلمه، ولا يخذله، ولا يحقره، التقوى ها هنا - ويشير إلى صدره ثلاث مرات - بحسب امرئ من الشر أن يحقر أخاه المسلم، كل المسلم على المسلم حرام: دمه، وماله، وعرضه	خطأ
Q042	1	WrongAyah	295	728	وَإِذِ اِستَسَخَشَت رِجَالٌ مِنْ أَهْلِ الْقُرَىٰ فَخَرَجُوا بِالْفَجْرِ خِفْيَةً ۚ قُلُوبُهُمْ مُشْتَرِكَةٌ بِخَطِيئَةٍ ۖ قَالُوا لَا تَأْتِنَا بِالْمَسَامِعِ أَوْ نُزُلَنَا سَوْءًا ۚ قَالَ لَوْ أَنَا إِلّا نَذِيرٌ لَكُمْ بَلْ رَسُولٌ قَدْ بَشَرَتْ لَهُ رُحْمَةٌ مِنْ رَبِّهِ قَضَاءً مُخْتُمًا ۚ وَإِنْ تُصَدِّقُوهُ يُضَاعَفْ لَكُمْ مِنْ قَبْلِ أَنْ يَأْتِيَ عَلَيْكُمْ ۗ وَإِنْ تَكْفُرُوا فَإِنَّ عَلَيْكُمْ عَذَابَ يَومٍ عَظِيمٍ ۖ	خطأ
Q042	2	WrongAyah	958	1030	وَإِذْ قَالَ لَهُمْ رُسُلُهُمْ فَكَلِمَةُ الَّذِينَ كَفَرُوا تَصْلَيَانِ	خطأ
Q042	3	WrongAyah	1064	1136	وَإِذْ قَالَ لَهُمْ رُسُلُهُمْ أَفَلَا تَتُوبُونَ لِتُجْزَوْا خَلِيلًا ۙ	خطأ
Q042	4	WrongAyah	1178	1549	وَإِذْ قَالَ لَهُمْ رُسُلُهُمْ يَا قَوْمِ إِنَّ رَسُولَ اللَّهِ يَأْتِيَكُمْ لِيُجْزِزَ لَكُمْ عُقُدَاتِكُمْ ۚ وَلِيُخْرِجَ الَّذِينَ يُزَكِّيكُمْ وَيُطَهِّرُكُمْ ۚ وَيُعَلِّمُكُمْ مِنْ آيَاتِ اللَّهِ وَيُعَلِّمُكُمْ الْحِكْمَةَ وَيُعَلِّمُكُمْ مِنْ أَمْرِ اللَّهِ وَيُخْرِجُ عَنْكُمْ رِجَالًا وَجُنَّةً ۖ وَيُدْخِلُ عَلَيْكُمْ رِجَالًا ۗ وَاللَّهُ بَصِيرٌ بِالْعِبَادِ ۚ	خطأ
Q042	5	WrongAyah	746	922	وَقَالَ لَهُمْ رَسُولُ اللَّهِ يَا قَوْمِ لَوْ آمَنْتُمْ بِاللَّهِ وَرَسُولِهِ لَأُتِمَّتْ لَكُمْ أُجُورُكُمْ وَلَكِنْ كَذَّبْتُمْ فَسَوْفَ يَأْتِيَنَّكُمْ عَذَابِ الْحَصِيرِ ۚ	خطأ
Q042	6	WrongHadith	1655	1736	قُتِلَ رَسُولُ اللَّهِ عُزَّى جَلا جَلَالُهُ مِنْ قَومٍ كَثُرَ عَلَيْهِمْ النُصُب	خطأ
Q047	1	WrongAyah	245	290	فانكحوا ما طاب لكم من النساء مثنى وثلاث ورباع	وَإِنْ خِفْتُمْ أَلَّا تُقْسِطُوا فِي الْيَتَامَىٰ فَانْكِحُوا مَا طَابَ لَكُمْ مِنَ النِّسَاءِ مَثْنَىٰ وَثُلَاثَ وَرُبَاعَ ۖ فَإِنْ خِفْتُمْ أَلَّا تَعْدِلُوا فَوَاحِدَةً أَوْ مَا مَلَكَتْ أَيْمَانُكُمْ ۚ ذَٰلِكَ أَدْنَىٰ أَلَّا تَعُولُوا
Q047	2	WrongAyah	1038	1101	مَا كَانَ لِفُؤَادٍ أَنْ يَأْمَنَ مَا تُبْدِي لَهُ السَامِعُونَ	يَا أَيُّهَا النَّبِيُّ إِنَّا أَحْلَلْنَا لَكَ أَزْوَاجَكَ اللَّاتِي آتَيْتَ أُجُورَهُنَّ وَمَا مَلَكَتْ يَمِينُكَ مِمَّا أَفَاءَ اللَّهُ عَلَيْكَ وَبَنَاتِ عَمِّكَ وَبَنَاتِ عَمَّاتِكَ وَبَنَاتِ خَالِكَ وَبَنَاتِ خَالَاتِكَ اللَّاتِي هَاجَرْنَ مَعَكَ وَامْرَأَةً مُؤْمِنَةً إِنْ وَهَبَتْ نَفْسَهَا لِلنَّبِيِّ إِنْ أَرَادَ النَّبِيُّ أَنْ يَسْتَنْكِحَهَا خَالِصَةً لَكَ مِنْ دُونِ الْمُؤْمِنِينَ ۗ قَدْ عَلِمْنَا مَا فَرَضْنَا عَلَيْهِمْ فِي أَزْوَاجِهِمْ وَمَا مَلَكَتْ أَيْمَانُهُمْ لِكَيْلَا يَكُونَ عَلَيْكَ حَرَجٌ ۗ وَكَانَ اللَّهُ غَفُورًا رَحِيمًا
Q047	3	WrongHadith	1233	1433	لَوْ كُنتُ أُحِبُّ أَنْ أُكَلِّمَ مِثلَ أُكَلِّمُكَ لَمْ أُحِبْ أَنْ أُكَلِّمَ مِثلَ أُكَلِّمُكَ، وَلَكِنَّهُ يُريدُ أَنْ يُبَلِّغَ الناسَ بِالنُبُوَّةِ، فَلَمْ أُحِبْ أَنْ أُكَلِّمَ مِثلَ أُكَلِّمُكَ	خطأ
Q049	1	WrongAyah	1	23	بسم الله الرحمن الرحيم	بِسْمِ اللَّهِ الرَّحْمَـٰنِ الرَّحِيمِ
Q049	2	WrongAyah	26	145	أفلم يسيروا في الأرض فتكون لهم قلوب يعقلون بها أو آذان يسمعون بها فإنها لا تعمى الأبصار ولكن تعمى القلوب التي في الصدور	أَفَلَمْ يَسِيرُوا فِي الْأَرْضِ فَتَكُونَ لَهُمْ قُلُوبٌ يَعْقِلُونَ بِهَا أَوْ آذَانٌ يَسْمَعُونَ بِهَا ۖ فَإِنَّهَا لَا تَعْمَى الْأَبْصَارُ وَلَـٰكِنْ تَعْمَى الْقُلُوبُ الَّتِي فِي الصُّدُورِ
Q053	1	WrongAyah	25	165	الله ولي الذين آمنوا يخرجهم من الظلمات إلى النور والذين كفروا أولياؤهم الطاغوت يخرجونهم من النور إلى الظلام أولئك أصحاب النار هم فيها خالدون	اللَّهُ وَلِيُّ الَّذِينَ آمَنُوا يُخْرِجُهُمْ مِنَ الظُّلُمَاتِ إِلَى النُّورِ ۖ وَالَّذِينَ كَفَرُوا أَوْلِيَاؤُهُمُ الطَّاغُوتُ يُخْرِجُونَهُمْ مِنَ النُّورِ إِلَى الظُّلُمَاتِ ۗ أُولَـٰئِكَ أَصْحَابُ النَّارِ ۖ هُمْ فِيهَا خَالِدُونَ
Q053	2	WrongHadith	215	302	من علامات اقتراب الساعة أن يكون خطاب المرء تعلم الأنساب وأن تتاجر المرأة بغير إذن زوجها	خطأ
Q074	1	WrongAyah	118	199	وَإِذَا قُرِئَ الْقُرْآنُ فَاسْتَمِعُوا لَهُ وَأَنْصِتُوا لَعَلَّكُمْ تُرْحَمُونَ	خطأ
Q074	2	WrongAyah	261	430	وَضَرَبَ لَنَا مَثَلًا وَنَسِيَ خَلْقَهُ قَالَ مَنْ يُحْيِي الْعِظَامَ وَهِيَ رَمِيمٌ * قُلْ يُحْيِيهَا الَّذِي أَنْشَأَهَا أَوَّلَ مَرَّةٍ وَهُوَ بِكُلِّ خَلْقٍ عَلِيمٌ	خطأ
Q074	3	WrongAyah	492	667	وَيُسَبِّحُ الرَّعْدُ بِحَمْدِهِ وَالْمَلَائِكَةُ مِنْ خِيفَتِهِ وَيُرْسِلُ الصَّوَاعِقَ فَيُصِيبُ بِهَا مَنْ يَشَاءُ وَهُمْ يُجَادِلُونَ فِي اللَّهِ وَهُوَ شَدِيدُ الْمِحَالِ	خطأ
Q074	4	WrongAyah	731	804	وَمَا تَوْفِيقِي إِلَّا بِاللَّهِ عَلَيْهِ تَوَكَّلْتُ وَإِلَيْهِ أُنِيبُ	خطأ
Q074	5	WrongAyah	865	1017	وَتَرَىٰ الْجِبَالَ تَحْسَبُهَا جَامِدَةً وَهِيَ تَمُرُّ مَرَّ السَّحَابِ صُنْعَ اللَّهِ الَّذِي أَتْقَنَ كُلَّ شَيْءٍ إِنَّهُ خَبِيرٌ بِمَا تَفْعَلُونَ	خطأ
Q074	6	WrongAyah	1084	1165	وَإِذَا قُرِئَ الْقُرْآنُ فَاسْتَمِعُوا لَهُ وَأَنْصِتُوا لَعَلَّكُمْ تُرْحَمُونَ	خطأ
Q074	7	WrongAyah	1228	1398	وَإِذْ قَالَ مُوسَىٰ لِقَوْمِهِ إِنَّ اللَّهَ يَأْمُرُكُمْ أَنْ تَذْبَحُوا بَقَرَةً قَالُوا أَتَتَّخِذُنَا هُزُوًا قَالَ أَعُوذُ بِاللَّهِ أَنْ أَكُونَ مِنَ الْجَاهِلِينَ	خطأ
Q074	8	WrongAyah	1461	1576	فَقُلْنَا اضْرِبُوهُ بِبَعْضِهَا كَذَٰلِكَ يُحْيِي اللَّهُ الْمَوْتَىٰ وَيُرِيكُمْ آيَاتِهِ لَعَلَّكُمْ تَعْقِلُونَ	خطأ
Q074	9	WrongAyah	1639	1786	قَالُوا ادْعُ لَنَا رَبَّكَ يُبَيِّنْ لَنَا مَا لَوْنُهَا قَالَ إِنَّهُ يَقُولُ إِنَّهَا بَقَرَةٌ صَفْرَاءُ فَاقِعٌ لَوْنُهَا تَسُرُّ النَّاظِرِينَ	خطأ
Q074	10	WrongAyah	1850	2018	قَالُوا ادْعُ لَنَا رَبَّكَ يُبَيِّنْ لَنَا مَا هِيَ قَالَ إِنَّهُ يَقُولُ إِنَّهَا بَقَرَةٌ لَا فَارِضٌ وَلَا بِكْرٌ عَوَانٌ بَيْنَ ذَٰلِكَ فَافْعَلُوا مَا تُؤْمَرُونَ	خطأ
Q074	11	WrongAyah	2082	2330	قَالُوا ادْعُ لَنَا رَبَّكَ يُبَيِّنْ لَنَا مَا هِيَ قَالَ إِنَّهُ يَقُولُ إِنَّهَا بَقَرَةٌ لَا ذَلُولٌ تُثِيرُ الْأَرْضَ وَلَا تَسْقِي الْحَرْثَ مُسَلَّمَةٌ لَا شِيَةَ فِيهَا قَالُوا الْآنَ جِئْتَ بِالْحَقِّ فَذَبَحُوهَا وَمَا كَادُوا يَفْعَلُونَ	خطأ
Q074	12	WrongAyah	2394	2486	وَإِذْ قَتَلْتُمْ نَفْسًا فَادَّارَأْتُمْ فِيهَا وَاللَّهُ مُخْرِجٌ مَا كُنْتُمْ تَكْتُمُونَ	خطأ
Q074	13	WrongAyah	2550	2665	فَقُلْنَا اضْرِبُوهُ بِبَعْضِهَا كَذَٰلِكَ يُحْيِي اللَّهُ الْمَوْتَىٰ وَيُرِيكُمْ آيَاتِهِ لَعَلَّكُمْ تَعْقِلُونَ	خطأ
Q086	1	WrongAyah	25	69	وقل اعملوا فسيرى الله عملكم ورسوله والمؤمنون	وَقُلِ اعْمَلُوا فَسَيَرَى اللَّهُ عَمَلَكُمْ وَرَسُولُهُ وَالْمُؤْمِنُونَ ۖ وَسَتُرَدُّونَ إِلَىٰ عَالِمِ الْغَيْبِ وَالشَّهَادَةِ فَيُنَبِّئُكُمْ بِمَا كُنْتُمْ تَعْمَلُونَ
Q086	2	WrongAyah	239	279	إن هذه أمتكم أمة واحدة وأنا ربكم فاعبدون	إِنَّ هَٰذِهِ أُمَّتُكُمْ أُمَّةً وَاحِدَةً وَأَنَا رَبُّكُمْ فَاعْبُدُونِ
Q091	1	WrongAyah	29	261	فإن النساء اللواتي يحرم الزواج منهن بشكل قاطع هن نساء محددات محررات (أرامل شقيق الزوج) ، وزوجة أخيك الحالي / زوجتك أثناء حياته ، وأم أختك الحالية وابنتها وزوجة ابنك وزوجتك السابقة بعد الطلاق أو الترمل طالما أنها ليست مطلقة ثلاث مرات	حُرِّمَتْ عَلَيْكُمْ أُمَّهَاتُكُمْ وَبَنَاتُكُمْ وَأَخَوَاتُكُمْ وَعَمَّاتُكُمْ وَخَالَاتُكُمْ وَبَنَاتُ الْأَخِ وَبَنَاتُ الْأُخْتِ وَأُمَّهَاتُكُمُ اللَّاتِي أَرْضَعْنَكُمْ وَأَخَوَاتُكُمْ مِنَ الرَّضَاعَةِ وَأُمَّهَاتُ نِسَائِكُمْ وَرَبَائِبُكُمُ اللَّاتِي فِي حُجُورِكُمْ مِنْ نِسَائِكُمُ اللَّاتِي دَخَلْتُمْ بِهِنَّ فَإِنْ لَمْ تَكُونُوا دَخَلْتُمْ بِهِنَّ فَلَا جُنَاحَ عَلَيْكُمْ وَحَلَائِلُ أَبْنَائِكُمُ الَّذِينَ مِنْ أَصْلَابِكُمْ وَأَنْ تَجْمَعُوا بَيْنَ الْأُخْتَيْنِ إِلَّا مَا قَدْ سَلَفَ ۗ إِنَّ اللَّهَ كَانَ غَفُورًا رَحِيمًا
Q105	1	WrongAyah	264	321	وَلَا تُشْرِكْ بِاللَّهِ إِنَّ الشِّرْكَ لَظُلْمٌ عَظِيمٌ	وَإِذْ قَالَ لُقْمَانُ لِابْنِهِ وَهُوَ يَعِظُهُ يَا بُنَيَّ لَا تُشْرِكْ بِاللَّهِ ۖ إِنَّ الشِّرْكَ لَظُلْمٌ عَظِيمٌ
Q105	2	WrongAyah	375	491	وَإِذْ قَالَ لُقْمَانُ لِابْنِهِ وَهُوَ يَعِظُهُ يَا بُنَيَّ لَا تُشْرِكْ بِاللَّهِ إِنَّ الشِّرْكَ لَظُلْمٌ عَظِيمٌ	وَإِذْ قَالَ لُقْمَانُ لِابْنِهِ وَهُوَ يَعِظُهُ يَا بُنَيَّ لَا تُشْرِكْ بِاللَّهِ ۖ إِنَّ الشِّرْكَ لَظُلْمٌ عَظِيمٌ
Q105	3	WrongAyah	544	662	وَلَا تُصَعِّرْ خَدَّكَ لِلنَّاسِ وَلَا تَمْشِ فِي الْأَرْضِ مَرَحًا إِنَّ اللَّهَ لَا يُحِبُّ كُلَّ مُخْتَالٍ فَخُورٍ	وَلَا تُصَعِّرْ خَدَّكَ لِلنَّاسِ وَلَا تَمْشِ فِي الْأَرْضِ مَرَحًا ۖ إِنَّ اللَّهَ لَا يُحِبُّ كُلَّ مُخْتَالٍ فَخُورٍ
Q105	4	WrongAyah	715	833	وَلَا تُصَعِّرْ خَدَّكَ لِلنَّاسِ وَلَا تَمْشِ فِي الْأَرْضِ مَرَحًا إِنَّ اللَّهَ لَا يُحِبُّ كُلَّ مُخْتَالٍ فَخُورٍ	وَلَا تُصَعِّرْ خَدَّكَ لِلنَّاسِ وَلَا تَمْشِ فِي الْأَرْضِ مَرَحًا ۖ إِنَّ اللَّهَ لَا يُحِبُّ كُلَّ مُخْتَالٍ فَخُورٍ
Q105	5	WrongAyah	886	1004	وَلَا تُصَعِّرْ خَدَّكَ لِلنَّاسِ وَلَا تَمْشِ فِي الْأَرْضِ مَرَحًا إِنَّ اللَّهَ لَا يُحِبُّ كُلَّ مُخْتَالٍ فَخُورٍ	وَلَا تُصَعِّرْ خَدَّكَ لِلنَّاسِ وَلَا تَمْشِ فِي الْأَرْضِ مَرَحًا ۖ إِنَّ اللَّهَ لَا يُحِبُّ كُلَّ مُخْتَالٍ فَخُورٍ
Q105	6	WrongAyah	1059	1177	وَلَا تُصَعِّرْ خَدَّكَ لِلنَّاسِ وَلَا تَمْشِ فِي الْأَرْضِ مَرَحًا إِنَّ اللَّهَ لَا يُحِبُّ كُلَّ مُخْتَالٍ فَخُورٍ	وَلَا تُصَعِّرْ خَدَّكَ لِلنَّاسِ وَلَا تَمْشِ فِي الْأَرْضِ مَرَحًا ۖ إِنَّ اللَّهَ لَا يُحِبُّ كُلَّ مُخْتَالٍ فَخُورٍ
Q105	7	WrongAyah	1246	1364	وَلَا تُصَعِّرْ خَدَّكَ لِلنَّاسِ وَلَا تَمْشِ فِي الْأَرْضِ مَرَحًا إِنَّ اللَّهَ لَا يُحِبُّ كُلَّ مُخْتَالٍ فَخُورٍ	وَلَا تُصَعِّرْ خَدَّكَ لِلنَّاسِ وَلَا تَمْشِ فِي الْأَرْضِ مَرَحًا ۖ إِنَّ اللَّهَ لَا يُحِبُّ كُلَّ مُخْتَالٍ فَخُورٍ
Q105	8	WrongAyah	1429	1547	وَلَا تُصَعِّرْ خَدَّكَ لِلنَّاسِ وَلَا تَمْشِ فِي الْأَرْضِ مَرَحًا إِنَّ اللَّهَ لَا يُحِبُّ كُلَّ مُخْتَالٍ فَخُورٍ	وَلَا تُصَعِّرْ خَدَّكَ لِلنَّاسِ وَلَا تَمْشِ فِي الْأَرْضِ مَرَحًا ۖ إِنَّ اللَّهَ لَا يُحِبُّ كُلَّ مُخْتَالٍ فَخُورٍ
Q105	9	WrongAyah	1611	1729	وَلَا تُصَعِّرْ خَدَّكَ لِلنَّاسِ وَلَا تَمْشِ فِي الْأَرْضِ مَرَحًا إِنَّ اللَّهَ لَا يُحِبُّ كُلَّ مُخْتَالٍ فَخُورٍ	وَلَا تُصَعِّرْ خَدَّكَ لِلنَّاسِ وَلَا تَمْشِ فِي الْأَرْضِ مَرَحًا ۖ إِنَّ اللَّهَ لَا يُحِبُّ كُلَّ مُخْتَالٍ فَخُورٍ
Q105	10	WrongAyah	1795	1913	وَلَا تُصَعِّرْ خَدَّكَ لِلنَّاسِ وَلَا تَمْشِ فِي الْأَرْضِ مَرَحًا إِنَّ اللَّهَ لَا يُحِبُّ كُلَّ مُخْتَالٍ فَخُورٍ	وَلَا تُصَعِّرْ خَدَّكَ لِلنَّاسِ وَلَا تَمْشِ فِي الْأَرْضِ مَرَحًا ۖ إِنَّ اللَّهَ لَا يُحِبُّ كُلَّ مُخْتَالٍ فَخُورٍ
Q105	11	WrongAyah	1985	2103	وَلَا تُصَعِّرْ خَدَّكَ لِلنَّاسِ وَلَا تَمْشِ فِي الْأَرْضِ مَرَحًا إِنَّ اللَّهَ لَا يُحِبُّ كُلَّ مُخْتَالٍ فَخُورٍ	وَلَا تُصَعِّرْ خَدَّكَ لِلنَّاسِ وَلَا تَمْشِ فِي الْأَرْضِ مَرَحًا ۖ إِنَّ اللَّهَ لَا يُحِبُّ كُلَّ مُخْتَالٍ فَخُورٍ
Q105	12	WrongAyah	2169	2287	وَلَا تُصَعِّرْ خَدَّكَ لِلنَّاسِ وَلَا تَمْشِ فِي الْأَرْضِ مَرَحًا إِنَّ اللَّهَ لَا يُحِبُّ كُلَّ مُخْتَالٍ فَخُورٍ	وَلَا تُصَعِّرْ خَدَّكَ لِلنَّاسِ وَلَا تَمْشِ فِي الْأَرْضِ مَرَحًا ۖ إِنَّ اللَّهَ لَا يُحِبُّ كُلَّ مُخْتَالٍ فَخُورٍ
Q105	13	WrongAyah	2352	2470	وَلَا تُصَعِّرْ خَدَّكَ لِلنَّاسِ وَلَا تَمْشِ فِي الْأَرْضِ مَرَحًا إِنَّ اللَّهَ لَا يُحِبُّ كُلَّ مُخْتَالٍ فَخُورٍ	وَلَا تُصَعِّرْ خَدَّكَ لِلنَّاسِ وَلَا تَمْشِ فِي الْأَرْضِ مَرَحًا ۖ إِنَّ اللَّهَ لَا يُحِبُّ كُلَّ مُخْتَالٍ فَخُورٍ
Q105	14	WrongAyah	2536	2654	وَلَا تُصَعِّرْ خَدَّكَ لِلنَّاسِ وَلَا تَمْشِ فِي الْأَرْضِ مَرَحًا إِنَّ اللَّهَ لَا يُحِبُّ كُلَّ مُخْتَالٍ فَخُورٍ	وَلَا تُصَعِّرْ خَدَّكَ لِلنَّاسِ وَلَا تَمْشِ فِي الْأَرْضِ مَرَحًا ۖ إِنَّ اللَّهَ لَا يُحِبُّ كُلَّ مُخْتَالٍ فَخُورٍ
Q105	15	WrongAyah	2726	2808	وَلَا تُصَعِّرْ خَدَّكَ لِلنَّاسِ وَلَا تَمْشِ فِي الْأَرْضِ مَرَحًا إِنَّ اللَّهَ	وَلَا تُصَعِّرْ خَدَّكَ لِلنَّاسِ وَلَا تَمْشِ فِي الْأَرْضِ مَرَحًا ۖ إِنَّ اللَّهَ لَا يُحِبُّ كُلَّ مُخْتَالٍ فَخُورٍ
Q106	1	WrongAyah	68	126	ولقد أرسلنا نوحا إلى قومه فلبث فيهم ألف سنة إلا خمسين عاما	وَلَقَدْ أَرْسَلْنَا نُوحًا إِلَىٰ قَوْمِهِ فَلَبِثَ فِيهِمْ أَلْفَ سَنَةٍ إِلَّا خَمْسِينَ عَامًا فَأَخَذَهُمُ الطُّوفَانُ وَهُمْ ظَالِمُونَ
Q107	1	WrongAyah	1	23	بسم الله الرحمن الرحيم	بِسْمِ اللَّهِ الرَّحْمَـٰنِ الرَّحِيمِ
Q107	2	WrongAyah	25	83	كتاب أنزلناه إليك مبارك ليدبروا آلاءه وليتذكر أولو الألباب	كِتَابٌ أَنْزَلْنَاهُ إِلَيْكَ مُبَارَكٌ لِيَدَّبَّرُوا آيَاتِهِ وَلِيَتَذَكَّرَ أُولُو الْأَلْبَابِ
Q107	3	WrongHadith	122	148	خيركم من تعلم القرآن وعلمه	خَيْرُكُمْ مَنْ تَعَلَّمَ الْقُرْآنَ وَعَلَّمَهُ
Q108	1	WrongAyah	375	440	وَإِذَا قَرَأْتَ الْقُرْآنَ جَعَلْتَ لَهُ قُرُونًا مُّتَرَتِيبَةً	خطأ
Q108	2	WrongAyah	573	672	فَإِنَّ الْأَمْرَ لَمْ يَكُنْ لَكُمْ إِلَّا الْخَيْرُ أَوْ لَمْ تَكُنْ فِي الْقُرْآنِ مِنْهُ رِجْسٌ	خطأ
Q108	3	WrongAyah	787	858	فَكُلُوا وَاشْرَبُوا وَلَا تَسْتَغْلِبُوا فِي الْأَرْضِ مُسْتَغْلِبِينَ	خطأ
Q108	4	WrongHadith	1101	1150	مَنْ قَرَأَ حَرْفًا مِنْ كِتَابِ اللَّهِ فَلَهُ أ	خطأ
Q109	1	WrongAyah	301	353	وَمَنْ يَقْتُلْ مُؤْمِنًا بِغَيْرِ صَدَقَةٍ فَدَمُهُ	اللَّهُ لَا إِلَٰهَ إِلَّا هُوَ الْحَيُّ الْقَيُّومُ ۚ لَا تَأْخُذُهُ سِنَةٌ وَلَا نَوْمٌ ۚ لَهُ مَا فِي السَّمَاوَاتِ وَمَا فِي الْأَرْضِ ۗ مَنْ ذَا الَّذِي يَشْفَعُ عِنْدَهُ إِلَّا بِإِذْنِهِ ۚ يَعْلَمُ مَا بَيْنَ أَيْدِيهِمْ وَمَا خَلْفَهُمْ ۖ وَلَا يُحِيطُونَ بِشَيْءٍ مِنْ عِلْمِهِ إِلَّا بِمَا شَاءَ ۚ وَسِعَ كُرْسِيُّهُ السَّمَاوَاتِ وَالْأَرْضِ ۖ وَلَا يَئُودُهُ حِفْظُهُمَا ۚ وَهُوَ الْعَلِيُّ الْعَظِيمُ
Q110	1	WrongAyah	167	311	وَلَوْ تَرَى إِذْ أَوْحَيْنَا إِلَى الْأَمْثَالِ فَتَقَعَّدُوا فَتَنَاكَرُوا وَكُنتَ أَنْظَرُهُمْ إِذْ تَبِتُ أَنْفُسُهُمْ وَهُمْ يَسْتَخِفُّونَ	ادْعُوا رَبَّكُمْ تَضَرُّعًا وَخُفْيَةً ۚ إِنَّهُ لَا يُحِبُّ الْمُعْتَدِينَ
Q110	2	WrongAyah	563	683	وَلَقَدْ خَلَقْنَا الْإِنْسَانَ مِنْ صَلْصَالٍ مِنْ وَصْلٍ فَكَفَرَ الرَسُولُ وَآتَينَاهُ مِنْ لَدُنْ عِنْدَنَا بَيَانًا	وَلُوطًا إِذْ قَالَ لِقَوْمِهِ أَتَأْتُونَ الْفَاحِشَةَ مَا سَبَقَكُمْ بِهَا مِنْ أَحَدٍ مِنَ الْعَالَمِينَ
Q110	3	WrongHadith	948	1051	الزاني والزانية والمنافق والممنوقة والمجرور والمستأذن والمستمسك بالسحر من الجاهلين لا يَدخُلُ الجَنَّةَ	خطأ
Q111	1	WrongAyah	437	564	إِنَّ اللَّهَ وَمَلائِكَتَهُ يُصَلُّونَ عَلَى النَّبِيِّ يَا أَيُّهَا الَّذِينَ آمَنُوا صَلُّوا عَلَيْهِ وَسَلِّمُوا تَسْلِيمًا	إِنَّ اللَّهَ وَمَلَائِكَتَهُ يُصَلُّونَ عَلَى النَّبِيِّ ۚ يَا أَيُّهَا الَّذِينَ آمَنُوا صَلُّوا عَلَيْهِ وَسَلِّمُوا تَسْلِيمًا
Q111	2	WrongHadith	2015	2108	إذا سمعتم المؤذن فقولوا مثل ما يقول، ثم صلوا علي، فإنه من صلى علي صلاة صلى الله عليه بها عشرا	خطأ
Q112	1	WrongAyah	282	724	فَإِذَا جَاءَ أَجَلُهُمْ قُلْنَا لَهُمْ أَجَلَكُمْ مُسْتَفْرَغٌ فَكُلُوا وَاشْرَبُوا حَتَّى يَأْتِيَ أَجَلُكُمْ وَإِنَّكُمْ تَعْلَمُونَ أَجَلَكُمْ فَإِذَا جَاءَ أَجَلُهُمْ قُلْنَا لَهُمْ كُلُوا وَاشْرَبُوا كَمَا أَكَلَ وَأَشْرَبَ أَبْوَابُ السَّمَاءِ وَالْأَرْضِ وَكُلُوا وَاشْرَبُوا حَتَّى يَأْتِيَ أَجَلُكُمْ وَإِنَّكُمْ تَعْلَمُونَ أَجَلَكُمْ فَإِذَا جَاءَ أَجَلُهُمْ قُلْنَا لَهُمْ كُلُوا وَاشْرَبُوا كَمَا أَكَلَ وَأَشْرَبَ أَبْوَابُ الس	خطأ
Q115	1	WrongAyah	133	177	وَإِبْرَاهِيمَ لَم يَكُن مِنَ الْمُشْرِكِينَ	خطأ
Q115	2	WrongAyah	229	365	وَقَالَ إِن نَّكُ لَنَزكَ اللَّهُ عَلَيْنَا وَمَن يَخْلُفْكُمْ مِن بَعْدِكُمْ وَمَن يُضِلُّ فَلَن تَجِدَ لَهُ مِن بَعْدِكُمْ أَوْلِيَاءَ	خطأ
Q115	3	WrongAyah	433	520	وَإِسْحَاقَ إِذ نَادَاهُ رَبُهُ بِإِحْسَانٍ قَالَ سَوْفَ أُفْعَلْ بِيَ وَرَبِّي يَهْدِي	خطأ
Q115	4	WrongAyah	573	628	وَقَالَ يَا أَبَتِ افْتَخَرْتَ وَتَوَلَّيْتَ وَكَذَبْتَ	خطأ
Q115	5	WrongAyah	695	755	وَكَذَلِكَ يُفَصِّلُ اللَّهُ الْأَيَاتِ لِقَوْمٍ يُؤْمِنُونَ	خطأ
Q115	6	WrongAyah	806	893	وَقَالَ يَا أَيُّهَا الْحَزَنَاءُ أَنَا رَسُولُ رَبِّكُمْ فَسَلْطُغُوَ لِيَ بِأَيُّكُمْ	خطأ
Q115	7	WrongAyah	961	1040	وَإِنَّ مِن شِيعَتِهِ لَأَحَداً بَلْ كَثِيراً وَكَذَلِكَ نَجْزِي الْمُحْسِنِينَ	خطأ
Q115	8	WrongAyah	1093	1172	وَإِنَّ مِن شِيعَتِهِ لَأَحَداً بَلْ كَثِيراً وَكَذَلِكَ نَجْزِي الْمُحْسِنِينَ	خطأ
Q115	9	WrongHadith	1261	1296	وَكُلُّ نَبِيٍّ مِنَ الْمُؤْمِنِينَ	خطأ
Q115	10	WrongHadith	1314	1349	وَكُلُّ نَبِيٍّ مِنَ الْمُؤْمِنِينَ	خطأ
Q116	1	WrongAyah	215	286	وَإِذَا مَسَحَ بِوَجْهِهِ اسْتَسْقَاءً قَالَ أَنَا رَبُّكُمُ الْقَدِيرُ	خطأ
Q116	2	WrongAyah	472	694	وَلَقَدْ عَلِمْنَا الْمُؤْمِنِينَ وَالْمُؤْمِنَاتِ إِذَا قَالُوا لِقَوْمِهِمْ إِن تَلِدُنَّ مِن بَعْدِهِنَّ فَرَجاً كَذَبْنَ فَإِذَا مَلَطَّنَهُنَّ بِالْغَضَبِ زَعَمْنَ حَقّاً وَهُمْ لِقَوْلِهِنَّ لَا يَزَالُونَ طَاعِنِينَ	خطأ
Q116	3	WrongHadith	973	1048	لَوْ كَانَ الرَجُلُ يَعْلَمُ أَنّي أَنَا اللَهُ لَم يَزَل يَعُدُني عَلَيْهِ	خطأ
Q116	4	WrongHadith	1193	1321	وَأَن تَزَكّي مِنَ الذُنُوبِ وَتَعَلّى وَإِن تَزَكّي مِنَ الذُنُوبِ فَإِنّي أُزَكّي مِنَ الذُنُوبِ وَإِن تَعَلّى فَإِنّي أُؤَلّى	خطأ
Q117	1	WrongAyah	229	520	وَالَّذِينَ يَتَرَبَّصُونَ نِسَاءَهُمْ لِيَأْتِيَهُنَّ بِعَدَلٍ وَلَوْ كَانَتْ عَلَى الْمَلَكِ الْأَعْلَى مُؤْمِنَةً لَأَعْطَوْهَا أَنْفُسَهُمْ لِيَأْتِيَهُنَّ بِعَدَلٍ، وَأَنْتُمْ تَعْلَمُونَ أَنَّهُمْ لَيَسْتَعْتِبُونَ، فَإِنْ خَافْتُمْ أَنْ تَقْدُمَ عَلَيْهِنَّ أَوْ تَأْخُرُوا فَرَدُّوهُ	وَالَّذِينَ يُتَوَفَّوْنَ مِنْكُمْ وَيَذَرُونَ أَزْوَاجًا يَتَرَبَّصْنَ بِأَنْفُسِهِنَّ أَرْبَعَةَ أَشْهُرٍ وَعَشْرًا ۖ فَإِذَا بَلَغْنَ أَجَلَهُنَّ فَلَا جُنَاحَ عَلَيْكُمْ فِيمَا فَعَلْنَ فِي أَنْفُسِهِنَّ بِالْمَعْرُوفِ ۗ وَاللَّهُ بِمَا تَعْمَلُونَ خَبِيرٌ
Q118	1	WrongAyah	146	179	أَفَلَا يَتَدَبَّرُونَ الْقُرْآنَ	أَفَلَا يَتَدَبَّرُونَ الْقُرْآنَ ۚ وَلَوْ كَانَ مِنْ عِنْدِ غَيْرِ اللَّهِ لَوَجَدُوا فِيهِ اخْتِلَافًا كَثِيرًا
Q118	2	CorrectAyah	209	309	كِتَابٌ أَنْزَلْنَاهُ إِلَيْكَ مُبَارَكٌ لِيَدَّبَّرُوا آيَاتِهِ وَلِيَتَذَكَّرَ أُولُو الْأَلْبَابِ	كِتَابٌ أَنْزَلْنَاهُ إِلَيْكَ مُبَارَكٌ لِيَدَّبَّرُوا آيَاتِهِ وَلِيَتَذَكَّرَ أُولُو الْأَلْبَابِ
Q118	3	WrongHadith	444	540	إن الله كتب كتاباً قبل أن يخلق السماوات والأرض بألفي عام، وهو عنده فوق العرش، إن رحمتي سبقت غضبي	خطأ
Q118	4	WrongHadith	697	793	إن الله كتب كتاباً قبل أن يخلق السماوات والأرض بألفي عام، وهو عنده فوق العرش، إن رحمتي سبقت غضبي	خطأ
Q118	5	WrongAyah	982	1030	وَتَزَوَّدُوا فَإِنَّ خَيْرَ الزَّادِ التَّقْوَى	الْحَجُّ أَشْهُرٌ مَعْلُومَاتٌ ۚ فَمَنْ فَرَضَ فِيهِنَّ الْحَجَّ فَلَا رَفَثَ وَلَا فُسُوقَ وَلَا جِدَالَ فِي الْحَجِّ ۗ وَمَا تَفْعَلُوا مِنْ خَيْرٍ يَعْلَمْهُ اللَّهُ ۗ وَتَزَوَّدُوا فَإِنَّ خَيْرَ الزَّادِ التَّقْوَىٰ ۚ وَاتَّقُونِ يَا أُولِي الْأَلْبَابِ
Q119	1	WrongAyah	75	295	وَلَقَدْ أَرْسَلْنَا نُوحًا إِلَى قَوْمِهِ فَلَبِثَ فِيهِمْ أَرْبَعِينَ سِنَةً فَلَمّا بَلَغَ أَشُدَّهُ قَالَ يَا قَوْمِ عِبَادِيَ لَا إِلَهَ إِلّا اللَّهُ فَاتَّقُوهُ وَأَطِعُونِ ۖ يَأْوَا الْخَطَايَا وَجُزُوعُ الرِزْقِ	وَلَقَدْ أَرْسَلْنَا نُوحًا إِلَىٰ قَوْمِهِ فَلَبِثَ فِيهِمْ أَلْفَ سَنَةٍ إِلَّا خَمْسِينَ عَامًا فَأَخَذَهُمُ الطُّوفَانُ وَهُمْ ظَالِمُونَ
Q119	2	WrongAyah	967	1054	وَإِنَّكَ لَتَدْعُوهُمْ إِلَى الْحَقِّ وَلَكِن لاَ يُحِقُ الَّذِينَ كَفَرُوا يَنصِيحُكَ	خطأ
Q119	3	WrongAyah	1098	1186	وَإِن كَذِبْتُمْ فَقَدْ كُذِبْتُمْ جَدًّا وَإِن تُبْتُمْ فَإِنَّ اللَّهَ غَفُورٌ رَحِيمٌ	خطأ
Q119	4	WrongAyah	1230	1450	وَلَقَدْ أَرْسَلْنَا نُوحًا إِلَى قَوْمِهِ فَلَبِثَ فِيهِمْ أَرْبَعِينَ سِنَةً فَلَمّا بَلَغَ أَشُدَّهُ قَالَ يَا قَوْمِ عِبَادِيَ لَا إِلَهَ إِلّا اللَّهُ فَاتَّقُوهُ وَأَطِعُونِ ۖ يَأْوَا الْخَطَايَا وَجُزُوعُ الرِزْقِ	وَلَقَدْ أَرْسَلْنَا نُوحًا إِلَىٰ قَوْمِهِ فَلَبِثَ فِيهِمْ أَلْفَ سَنَةٍ إِلَّا خَمْسِينَ عَامًا فَأَخَذَهُمُ الطُّوفَانُ وَهُمْ ظَالِمُونَ
Q119	5	WrongAyah	1496	1598	وَلَقَدْ أَرْسَلْنَا إِلَى أُمَمٍ مِن قَبْلِكَ فَأَخَذْنَا عَلَيْهِمُ الْعَذَابَ فَهَلْ يَتَذَكَّرُونَ	خطأ
Q119	6	WrongAyah	1641	1786	وَلَقَدْ أَرْسَلْنَا نُوحًا إِلَى قَوْمِهِ فَقَالَ يَا قَوْمِ اعْبُدُوا اللَّهَ مَا لَكُم مِنْ عَبْدٍ بِاللَّهِ يُطِعُكُمْ إِن كُنتُمْ تُدِينُونَ	لَقَدْ أَرْسَلْنَا نُوحًا إِلَىٰ قَوْمِهِ فَقَالَ يَا قَوْمِ اعْبُدُوا اللَّهَ مَا لَكُمْ مِنْ إِلَٰهٍ غَيْرُهُ إِنِّي أَخَافُ عَلَيْكُمْ عَذَابَ يَوْمٍ عَظِيمٍ
Q119	7	WrongHadith	396	652	دعا نوح لقومه 950 سنة، فلما فرغ منها قال: «أَتَدْرُونَ مَنْ يَدَعُ دِينَهُ وَيُشَيَّعُ النَاسَ عَلى هَذِهِ الْأَرْضِ؟» فَقَالُوا: «مَن ذَا يَزَعُ مِنَ اللَهِ؟» فَقَالَ: «وَلَوْ كُنتُ أُخِذَ بِالرَقَبَةِ وَأُفَضَّ عَنِ النَاسِ بِالرُزَقِ، لَمُذَكَرَ لَكُمُ»	خطأ
Q119	8	WrongHadith	751	901	دعا نوح لقومه 950 سنة، فلما فرغ منها قال: «يَا قَوْمِ، لَئِن لَمْ تُفْعَلْ لَكُمُ مِنَ اللَهِ مِنَ الرِزْقِ، فَاِشَاعُ النَاسَ عَلَى هَذِهِ الْأَرْضِ»	خطأ
Q120	1	WrongAyah	168	308	وَقَالَ لَهُمْ أَلْقُوا مَا تُقْسِمُونَ تَسْلَمُ أَيْدِيُكُمْ وَلَا تَفْتَرُ وَبِئْسَ لِأَعْدَآءِ اللَّهِ أَنفُسُهُمْ لَهُمْ عَذَابٌ أَلِيمٌ	خطأ
Q120	2	WrongAyah	534	571	الْحَمْدُ لِلَّهِ رَبِّ الْعَالَمِينَ	الْحَمْدُ لِلَّهِ رَبِّ الْعَالَمِينَ
Q120	3	WrongAyah	711	817	وَلَقَدْ خَلَقْنَا الإِنسَانَ مِن صَغَارَةٍ أَطْوَلَاتٍ فَإِذَا هُوَ كَافِرٌ نُذِقْهُ مِنْ عَذَابٍ عَظِيمٍ	خطأ
Q120	4	WrongAyah	1019	1178	وَلَقَدْ أَرَيْنَاهُ آيَاتِنَا فَكَذَّبَهَا وَكَذَّبَ مِنْ قَبْلِهِ وَمَا يُبْصِرُ مِنْ عِبَادِ اللَّهِ إِلَّا لَوْ أَنَّهُ حَآفيَطَ أَوْ يَخْرُجَ إِلَى ضِياءٍ	خطأ
Q120	5	WrongHadith	1477	1536	الصلاة من أبرار الأعمال، والقلب من الأعضاء، والقلب من العقل	خطأ
Q120	6	WrongHadith	1656	1702	الْعِلْمُ نُورٌ، وَالنُورُ يُضيءُ في القُلُوبِ	خطأ
Q120	7	WrongHadith	1821	1855	إِنَّما تُبْتُ أَنَ تُبِتَ قَلبُكَ	خطأ
Q121	1	CorrectAyah	177	293	مَنْ كَانَ عَدُوًّا لِلَّهِ وَمَلَائِكَتِهِ وَرُسُلِهِ وَجِبْرِيلَ وَمِيكَالَ فَإِنَّ اللَّهَ عَدُوٌّ لِلْكَافِرِينَ	مَنْ كَانَ عَدُوًّا لِلَّهِ وَمَلَائِكَتِهِ وَرُسُلِهِ وَجِبْرِيلَ وَمِيكَالَ فَإِنَّ اللَّهَ عَدُوٌّ لِلْكَافِرِينَ
Q121	2	WrongAyah	350	443	قُلْ يَتَوَفَّاكُمْ مَلَكُ الْمَوْتِ الَّذِي وُكِّلَ بِكُمْ ثُمَّ إِلَى رَبِّكُمْ تُرْجَعُونَ	قُلْ يَتَوَفَّاكُمْ مَلَكُ الْمَوْتِ الَّذِي وُكِّلَ بِكُمْ ثُمَّ إِلَىٰ رَبِّكُمْ تُرْجَعُونَ
Q121	3	CorrectAyah	499	575	وَنَادَوْا يَا مَالِكُ لِيَقْضِ عَلَيْنَا رَبُّكَ قَالَ إِنَّكُمْ مَاكِثُونَ	وَنَادَوْا يَا مَالِكُ لِيَقْضِ عَلَيْنَا رَبُّكَ قَالَ إِنَّكُمْ مَاكِثُونَ
Q121	4	WrongAyah	648	683	بِأَيْدِي سَفَرَةٍ كِرَامٍ بَرَرَةٍ	خطأ
Q121	5	WrongHadith	750	860	مثل الذي يقرأ القرآن وهو حافظ له مع السفرة الكرام، ومثل الذي يقرأ القرآن وهو يتعاهده، وهو عليه شديد، فله أجران	خطأ
Q121	6	WrongHadith	1254	1291	ألا استحيي من رجل تستحيي منه الملائكة	خطأ
Q122	1	WrongAyah	139	403	وَأُزْلِفَتِ الْجَنَّةُ لِلْمُتَّقِينَ غَيْرَ بَعِيدٍ * هَذَا مَا تُوعَدُونَ لِكُلِّ أَوَّابٍ حَفِيظٍ * مَنْ خَشِيَ الرَّحْمَنَ بِالْغَيْبِ وَجَاءَ بِقَلْبٍ مُنِيبٍ * ادْخُلُوهَا بِسَلَامٍ ذَلِكَ يَوْمُ الْخُلُودِ * لَهُمْ مَا يَشَاؤُونَ فِيهَا وَلَدَيْنَا مَزِيدٌ	وَأُزْلِفَتِ الْجَنَّةُ لِلْمُتَّقِينَ غَيْرَ بَعِيدٍ هَـٰذَا مَا تُوعَدُونَ لِكُلِّ أَوَّابٍ حَفِيظٍ مَنْ خَشِيَ الرَّحْمَـٰنَ بِالْغَيْبِ وَجَاءَ بِقَلْبٍ مُنِيبٍ ادْخُلُوهَا بِسَلَامٍ ۖ ذَٰلِكَ يَوْمُ الْخُلُودِ لَهُمْ مَا يَشَاءُونَ فِيهَا وَلَدَيْنَا مَزِيدٌ
Q122	2	WrongHadith	453	509	من سره أن ينظر إلى رجل من أهل الجنة فلينظر إلى أبي هريرة	خطأ
Q122	3	WrongHadith	573	766	إن في الجنة مائة درجة أعدها الله للمجاهدين في سبيله، ما بين الدرجتين كما بين السماء والأرض، فإذا سألتم الله فاسألوه الفردوس، فإنه أوسط الجنة وأعلى الجنة، ومنه تفجر أنهار الجنة، وفوقه عرش الرحمن	خطأ
Q122	4	WrongHadith	902	948	ما لا عين رأت ولا أذن سمعت ولا خطر على قلب بشر	خطأ
Q124	1	WrongAyah	363	598	وَجَعَلَ لَكُمْ أَيْمَانَكُمْ شَرَاعًا فَأَسْبِلُوا بِهَا وَأَقِيمُوا الْوُضُوءَ وَأَقِيمُوا الْعَظَمَاتِ وَالْكَبَائِرَ وَلَا تَسْتَشِرُوا فِي الْأَمْرِ الْمُبِينِ وَأَنْتُمْ تَعْلَمُونَ الْكُتُبَ الْمُبِينَةَ وَالْقُرْآنَ الْمُبِينَ.	وَيَسْأَلُونَكَ عَنِ الرُّوحِ ۖ قُلِ الرُّوحُ مِنْ أَمْرِ رَبِّي وَمَا أُوتِيتُمْ مِنَ الْعِلْمِ إِلَّا قَلِيلًا
Q124	2	WrongAyah	836	997	وَجَعَلَ لَكُمْ أَيْمَانَكُمْ شَرَاعًا وَلَكُمْ فِي الْأَرْضِ مَوَاقِعُ لِتَسْتَبْقُوا فِيهَا وَلِتَعْرِفُوا الْخَيْرَ مِنْ الْبَاطِلِ وَلَعَلَّكُمْ تَعْقِلُونَ.	وَمَا أَرْسَلْنَا قَبْلَكَ إِلَّا رِجَالًا نُوحِي إِلَيْهِمْ ۖ فَاسْأَلُوا أَهْلَ الذِّكْرِ إِنْ كُنْتُمْ لَا تَعْلَمُونَ
Q126	1	WrongAyah	218	320	وَأَخَذَتْهُمُ الطَّوفَانُ وَالسَّاعَةُ أَنْتَاهَا وَأَخَذَتْهُمُ النَّارُ فَأَصْبَحُوا فِي الْكُرُونِ	خطأ
Q126	2	WrongAyah	327	553	وَإِنَّ لَكُمْ لَأَجْرَ حَسَنًا إِنْ كُنْتُمْ تَعْبُدُونَ إِلَهًا لَّا تُشْرِكُونَ بِهِ شَيْئًا وَكُنْتُمْ تَخْشَوْنَ رَبَّكُمْ وَأَنْتُمْ تَأْمُرُونَ النَّاسَ بِالْعَدْلِ وَتَتَّقُونَ اللَّهَ وَأَنْتُمْ تَأْمُرُونَ بِالْبِرِّ	خطأ
Q127	1	WrongAyah	223	410	وَالَّذِينَ يَرْمُونَ الْمُحْصَنَاتِ ثُمَّ لَمْ يَأْتُوا بِأَرْبَعَةِ شُهَدَاءَ فَاجْلِدُوهُمْ ثَمَانِينَ جَلْدَةً وَلَا تَقْبَلُوا لَهُمْ شَهَادَةً أَبَدًا وَأُولَئِكَ هُمُ الْفَاسِقُونَ	وَالَّذِينَ يَرْمُونَ الْمُحْصَنَاتِ ثُمَّ لَمْ يَأْتُوا بِأَرْبَعَةِ شُهَدَاءَ فَاجْلِدُوهُمْ ثَمَانِينَ جَلْدَةً وَلَا تَقْبَلُوا لَهُمْ شَهَادَةً أَبَدًا ۚ وَأُولَـٰئِكَ هُمُ الْفَاسِقُونَ
Q127	2	WrongAyah	846	1065	إِنَّ الَّذِينَ جَاؤُوا بِالْإِفْكِ عُصْبَةٌ مِنْكُمْ لَا تَحْسَبُوهُ شَرًّا لَكُمْ بَلْ هُوَ خَيْرٌ لَكُمْ لِكُلِّ امْرِئٍ مِنْهُمْ مَا اكْتَسَبَ مِنَ الْإِثْمِ وَالَّذِي تَوَلَّى كِبْرَهُ مِنْهُمْ لَهُ عَذَابٌ عَظِيمٌ	إِنَّ الَّذِينَ جَاءُوا بِالْإِفْكِ عُصْبَةٌ مِنْكُمْ ۚ لَا تَحْسَبُوهُ شَرًّا لَكُمْ ۖ بَلْ هُوَ خَيْرٌ لَكُمْ ۚ لِكُلِّ امْرِئٍ مِنْهُمْ مَا اكْتَسَبَ مِنَ الْإِثْمِ ۚ وَالَّذِي تَوَلَّىٰ كِبْرَهُ مِنْهُمْ لَهُ عَذَابٌ عَظِيمٌ
Q127	3	WrongAyah	1535	1754	إِنَّ الَّذِينَ جَاؤُوا بِالْإِفْكِ عُصْبَةٌ مِنْكُمْ لَا تَحْسَبُوهُ شَرًّا لَكُمْ بَلْ هُوَ خَيْرٌ لَكُمْ لِكُلِّ امْرِئٍ مِنْهُمْ مَا اكْتَسَبَ مِنَ الْإِثْمِ وَالَّذِي تَوَلَّى كِبْرَهُ مِنْهُمْ لَهُ عَذَابٌ عَظِيمٌ	إِنَّ الَّذِينَ جَاءُوا بِالْإِفْكِ عُصْبَةٌ مِنْكُمْ ۚ لَا تَحْسَبُوهُ شَرًّا لَكُمْ ۖ بَلْ هُوَ خَيْرٌ لَكُمْ ۚ لِكُلِّ امْرِئٍ مِنْهُمْ مَا اكْتَسَبَ مِنَ الْإِثْمِ ۚ وَالَّذِي تَوَلَّىٰ كِبْرَهُ مِنْهُمْ لَهُ عَذَابٌ عَظِيمٌ
Q127	4	WrongAyah	1926	2008	إِنَّ الَّذِينَ جَاؤُوا بِالْإِفْكِ عُصْبَةٌ مِنْكُمْ لَا تَحْسَبُوهُ شَرًّا لَكُم	إِنَّ الَّذِينَ جَاءُوا بِالْإِفْكِ عُصْبَةٌ مِنْكُمْ ۚ لَا تَحْسَبُوهُ شَرًّا لَكُمْ ۖ بَلْ هُوَ خَيْرٌ لَكُمْ ۚ لِكُلِّ امْرِئٍ مِنْهُمْ مَا اكْتَسَبَ مِنَ الْإِثْمِ ۚ وَالَّذِي تَوَلَّىٰ كِبْرَهُ مِنْهُمْ لَهُ عَذَابٌ عَظِيمٌ
Q127	5	WrongHadith	483	845	فأقبلت حمنة بنت جحش، وهي امرأة من الأنصار، فذكرت ذلك لبعض أزواج النبي -صلى الله عليه وسلم-، فذهبت المرأة إلى بعض أزواج النبي -صلى الله عليه وسلم-، فذكرت ذلك لها، فذهبت إلى بعض أزواج النبي -صلى الله عليه وسلم-، فذكرت ذلك لها، حتى انتهت إلى بعض أزواج النبي -صلى الله عليه وسلم-، فذكرت ذلك لها، فذهبت إلى النبي -صلى الله عليه وسلم-، فذكرت ذلك له، فأنزل الله تعالى: 	خطأ
Q127	6	WrongHadith	1172	1534	فأقبلت حمنة بنت جحش، وهي امرأة من الأنصار، فذكرت ذلك لبعض أزواج النبي -صلى الله عليه وسلم-، فذهبت المرأة إلى بعض أزواج النبي -صلى الله عليه وسلم-، فذكرت ذلك لها، فذهبت إلى بعض أزواج النبي -صلى الله عليه وسلم-، فذكرت ذلك لها، حتى انتهت إلى بعض أزواج النبي -صلى الله عليه وسلم-، فذكرت ذلك لها، فذهبت إلى النبي -صلى الله عليه وسلم-، فذكرت ذلك له، فأنزل الله تعالى: 	خطأ
Q128	1	WrongAyah	113	241	إِنَّ اللَّهَ وَمَلَائِكَتَهُ يُصَلُّونَ عَلَى النَّبِيِّ يَا أَيُّهَا الَّذِينَ آمَنُوا صَلُّوا عَلَيْهِ وَسَلِّمُوا تَسْلِيمًا	إِنَّ اللَّهَ وَمَلَائِكَتَهُ يُصَلُّونَ عَلَى النَّبِيِّ ۚ يَا أَيُّهَا الَّذِينَ آمَنُوا صَلُّوا عَلَيْهِ وَسَلِّمُوا تَسْلِيمًا
Q128	2	WrongHadith	372	411	من صلى علي واحدة صلى الله عليه بها عشرا	خطأ
Q129	1	WrongAyah	172	350	وَإِذْ أَخَذَ رَبُّكَ مِنْ بَنِي آدَمَ مِنْهُمْ أَزْوَاجَهُمْ وَجَعَلَ لَهُمْ نُورًا يَعْرِفُونَهُ وَجَعَلَ لَهُمْ أَسْمَاءً أَزْوَاجًا وَجَعَلَ لَهُمْ مِنْ شَجَرَةِ الْزَّقُّومِ	وَإِذْ أَخَذَ رَبُّكَ مِنْ بَنِي آدَمَ مِنْ ظُهُورِهِمْ ذُرِّيَّتَهُمْ وَأَشْهَدَهُمْ عَلَىٰ أَنْفُسِهِمْ أَلَسْتُ بِرَبِّكُمْ ۖ قَالُوا بَلَىٰ ۛ شَهِدْنَا ۛ أَنْ تَقُولُوا يَوْمَ الْقِيَامَةِ إِنَّا كُنَّا عَنْ هَذَا غَافِلِينَ
Q129	2	WrongAyah	356	521	وَكَذَلِكَ أَخْرَجْنَاهُمْ مِنْ أَصْلِهِمْ وَأَنزَلْنَا عَلَيْهِمْ مَطَرًا مِنْ سَمَاءٍ فَأَصْبَحُوا بِهِ فِي الْمَزَارِعِ فَكَانَ عَلَى رَبِّكَ كَلِمَةً مُؤَكَّدَةً	خطأ
Q129	3	WrongAyah	527	692	وَكَذَلِكَ أَخْرَجْنَاهُمْ مِنْ أَصْلِهِمْ وَأَنزَلْنَا عَلَيْهِمْ مَطَرًا مِنْ سَمَاءٍ فَأَصْبَحُوا بِهِ فِي الْمَزَارِعِ فَكَانَ عَلَى رَبِّكَ كَلِمَةً مُؤَكَّدَةً	خطأ
Q129	4	WrongAyah	698	863	وَكَذَلِكَ أَخْرَجْنَاهُمْ مِنْ أَصْلِهِمْ وَأَنزَلْنَا عَلَيْهِمْ مَطَرًا مِنْ سَمَاءٍ فَأَصْبَحُوا بِهِ فِي الْمَزَارِعِ فَكَانَ عَلَى رَبِّكَ كَلِمَةً مُؤَكَّدَةً	خطأ
Q131	1	WrongAyah	125	191	فَكَيْفَ تَتَّقُونَ إِن كَفَرْتُمْ يَوْمًا يَجْعَلُ الولدان شِيباً	فَكَيْفَ تَتَّقُونَ إِنْ كَفَرْتُمْ يَوْمًا يَجْعَلُ الْوِلْدَانَ شِيبًا
Q131	2	WrongHadith	266	371	شَيَّبَتْنِي هُودٌ، وَالْوَاقِعَةُ، وَالْمُرْسَلاَتُ، وَعَمَّ يَتَسَاءَلُونَ، وَإِذَا الشَّمْسُ كُوِّرَتْ	خطأ
Q131	3	WrongAyah	462	567	الله الذي خلقكم من ضعف ثم جعل من بعد ضعف قوة ثم جعل من بعد قوة ضعفًا وشيبة يخلق ما يشاء وهو العليم القدير	اللَّهُ الَّذِي خَلَقَكُمْ مِنْ ضَعْفٍ ثُمَّ جَعَلَ مِنْ بَعْدِ ضَعْفٍ قُوَّةً ثُمَّ جَعَلَ مِنْ بَعْدِ قُوَّةٍ ضَعْفًا وَشَيْبَةً ۚ يَخْلُقُ مَا يَشَاءُ ۖ وَهُوَ الْعَلِيمُ الْقَدِيرُ
Q131	4	WrongAyah	629	642	وجاءكم النذير	وَجَاءَكُمُ النَّذِيرُ
Q132	1	WrongAyah	1	23	بسم الله الرحمن الرحيم	بِسْمِ اللَّهِ الرَّحْمَـٰنِ الرَّحِيمِ
Q132	2	WrongAyah	25	88	اذْكُرُوا الْآيَاتِ ابْتِغَاءَ حَسَنَةٍ وَلَا تَقُولُوا إِثْمًا	خطأ
Q132	3	WrongAyah	105	296	يوصي لقمان بوصاياه العشر لابنه والتي تشمل مراقبة الصلوات, وتجنب الشرك بالله, والتحدث بصدق, وعدم التكبر, وإعطاء الشكر لله, ومراقبة حدود المرء فيما يتعلق بالأشياء الجيدة التي أعطاها الله للمرء.	خطأ
Q134	1	WrongAyah	98	144	أفلم يسيروا في الأرض فتكون لهم قلوب يبصرون بها	أَفَلَمْ يَسِيرُوا فِي الْأَرْضِ فَتَكُونَ لَهُمْ قُلُوبٌ يَعْقِلُونَ بِهَا أَوْ آذَانٌ يَسْمَعُونَ بِهَا ۖ فَإِنَّهَا لَا تَعْمَى الْأَبْصَارُ وَلَـٰكِنْ تَعْمَى الْقُلُوبُ الَّتِي فِي الصُّدُورِ
Q134	2	WrongAyah	172	225	إن في ذلك لذكرى لمن كان له قلب أو ألقى السمع وهو شهيد	إِنَّ فِي ذَٰلِكَ لَذِكْرَىٰ لِمَنْ كَانَ لَهُ قَلْبٌ أَوْ أَلْقَى السَّمْعَ وَهُوَ شَهِيدٌ
Q136	1	WrongAyah	99	132	فلبث فيهم ألف سنة إلا خمسين عامًا	وَلَقَدْ أَرْسَلْنَا نُوحًا إِلَىٰ قَوْمِهِ فَلَبِثَ فِيهِمْ أَلْفَ سَنَةٍ إِلَّا خَمْسِينَ عَامًا فَأَخَذَهُمُ الطُّوفَانُ وَهُمْ ظَالِمُونَ
Q136	2	WrongAyah	281	314	فلبث فيهم ألف سنة إلا خمسين عامًا	وَلَقَدْ أَرْسَلْنَا نُوحًا إِلَىٰ قَوْمِهِ فَلَبِثَ فِيهِمْ أَلْفَ سَنَةٍ إِلَّا خَمْسِينَ عَامًا فَأَخَذَهُمُ الطُّوفَانُ وَهُمْ ظَالِمُونَ
Q136	3	WrongAyah	363	396	فقلت استغفروا ربكم إنه كان غفارًا	فَقُلْتُ اسْتَغْفِرُوا رَبَّكُمْ إِنَّهُ كَانَ غَفَّارًا
Q136	4	WrongAyah	399	424	يرسل السماء عليكم مدرارًا	يُرْسِلِ السَّمَاءَ عَلَيْكُمْ مِدْرَارًا
Q136	5	WrongAyah	427	480	ويمددكم بأموال وبنين ويجعل لكم جنات ويجعل لكم أنهارًا	وَيُمْدِدْكُمْ بِأَمْوَالٍ وَبَنِينَ وَيَجْعَلْ لَكُمْ جَنَّاتٍ وَيَجْعَلْ لَكُمْ أَنْهَارًا
Q136	6	WrongHadith	546	770	كان الرجل فيمن قبلكم يُحفر له في الأرض، فيجعل فيه فيُجاء بالمنشار فيوضع على رأسه فيشق باثنتين، وما يصده ذلك عن دينه، والله ليتمن هذا الأمر حتى يسير الراكب من صنعاء إلى حضرموت لا يخاف إلا الله والذئب على غنمه، ولكنكم تستعجلون	خطأ
Q138	1	WrongHadith	37	269	إن الملائكة تنزل في هذه المساجد، فإذا رأوا أحداً من أمتي قد صلى ركعتين قبل أن يجلس، قالوا: اللهم اغفر له، اللهم ارحمه، اللهم ارض عنه، اللهم اقبل منه، اللهم اكتب له الأجر، اللهم ارفع درجته، اللهم اجعل له خيراً مما ترك، وخلفاً مما خلف	خطأ
Q138	2	WrongAyah	275	345	وَإِذْ قَالَ رَبُّكَ لِلْمَلَائِكَةِ إِنِّي خَالِقٌ بَشَرًا مِنْ طِينٍ	إِذْ قَالَ رَبُّكَ لِلْمَلَائِكَةِ إِنِّي خَالِقٌ بَشَرًا مِنْ طِينٍ
Q138	3	WrongAyah	349	419	وَإِذْ قَالَ رَبُّكَ لِلْمَلَائِكَةِ إِنِّي خَالِقٌ بَشَرًا مِنْ طِينٍ	إِذْ قَالَ رَبُّكَ لِلْمَلَائِكَةِ إِنِّي خَالِقٌ بَشَرًا مِنْ طِينٍ
Q138	4	WrongAyah	423	493	وَإِذْ قَالَ رَبُّكَ لِلْمَلَائِكَةِ إِنِّي خَالِقٌ بَشَرًا مِنْ طِينٍ	إِذْ قَالَ رَبُّكَ لِلْمَلَائِكَةِ إِنِّي خَالِقٌ بَشَرًا مِنْ طِينٍ
Q138	5	WrongAyah	497	567	وَإِذْ قَالَ رَبُّكَ لِلْمَلَائِكَةِ إِنِّي خَالِقٌ بَشَرًا مِنْ طِينٍ	إِذْ قَالَ رَبُّكَ لِلْمَلَائِكَةِ إِنِّي خَالِقٌ بَشَرًا مِنْ طِينٍ
Q138	6	WrongAyah	572	642	وَإِذْ قَالَ رَبُّكَ لِلْمَلَائِكَةِ إِنِّي خَالِقٌ بَشَرًا مِنْ طِينٍ	إِذْ قَالَ رَبُّكَ لِلْمَلَائِكَةِ إِنِّي خَالِقٌ بَشَرًا مِنْ طِينٍ
Q138	7	WrongAyah	647	717	وَإِذْ قَالَ رَبُّكَ لِلْمَلَائِكَةِ إِنِّي خَالِقٌ بَشَرًا مِنْ طِينٍ	إِذْ قَالَ رَبُّكَ لِلْمَلَائِكَةِ إِنِّي خَالِقٌ بَشَرًا مِنْ طِينٍ
Q138	8	WrongAyah	722	792	وَإِذْ قَالَ رَبُّكَ لِلْمَلَائِكَةِ إِنِّي خَالِقٌ بَشَرًا مِنْ طِينٍ	إِذْ قَالَ رَبُّكَ لِلْمَلَائِكَةِ إِنِّي خَالِقٌ بَشَرًا مِنْ طِينٍ
Q138	9	WrongAyah	797	867	وَإِذْ قَالَ رَبُّكَ لِلْمَلَائِكَةِ إِنِّي خَالِقٌ بَشَرًا مِنْ طِينٍ	إِذْ قَالَ رَبُّكَ لِلْمَلَائِكَةِ إِنِّي خَالِقٌ بَشَرًا مِنْ طِينٍ
Q138	10	WrongAyah	872	942	وَإِذْ قَالَ رَبُّكَ لِلْمَلَائِكَةِ إِنِّي خَالِقٌ بَشَرًا مِنْ طِينٍ	إِذْ قَالَ رَبُّكَ لِلْمَلَائِكَةِ إِنِّي خَالِقٌ بَشَرًا مِنْ طِينٍ
Q138	11	WrongAyah	947	1017	وَإِذْ قَالَ رَبُّكَ لِلْمَلَائِكَةِ إِنِّي خَالِقٌ بَشَرًا مِنْ طِينٍ	إِذْ قَالَ رَبُّكَ لِلْمَلَائِكَةِ إِنِّي خَالِقٌ بَشَرًا مِنْ طِينٍ
Q138	12	WrongAyah	1022	1068	وَإِذْ قَالَ رَبُّكَ لِلْمَلَائِكَةِ إِنِّي خَ	خطأ
Q139	1	WrongAyah	25	107	قال الملك ائتوني به أستخلصه لنفسي فلما دخل المدينة قال يا أيها الملأ إني حفيظ عليم	وَقَالَ الْمَلِكُ ائْتُونِي بِهِ أَسْتَخْلِصْهُ لِنَفْسِي ۖ فَلَمَّا كَلَّمَهُ قَالَ إِنَّكَ الْيَوْمَ لَدَيْنَا مَكِينٌ أَمِينٌ
Q139	2	WrongHadith	158	236	لا تنظروا إلى ظاهر الناس فإنهن كثير ولكن انظر إلى قلوبهم فما الذي يوجد بداخلها	خطأ
Q142	1	WrongAyah	36	53	خسف الله به الأرض	فَخَسَفْنَا بِهِ وَبِدَارِهِ الْأَرْضَ فَمَا كَانَ لَهُ مِنْ فِئَةٍ يَنْصُرُونَهُ مِنْ دُونِ اللَّهِ وَمَا كَانَ مِنَ الْمُنْتَصِرِينَ
Q147	1	WrongAyah	56	76	أربع أشهر وعشرة أيام	وَالَّذِينَ يُتَوَفَّوْنَ مِنْكُمْ وَيَذَرُونَ أَزْوَاجًا يَتَرَبَّصْنَ بِأَنْفُسِهِنَّ أَرْبَعَةَ أَشْهُرٍ وَعَشْرًا ۖ فَإِذَا بَلَغْنَ أَجَلَهُنَّ فَلَا جُنَاحَ عَلَيْكُمْ فِيمَا فَعَلْنَ فِي أَنْفُسِهِنَّ بِالْمَعْرُوفِ ۗ وَاللَّهُ بِمَا تَعْمَلُونَ خَبِيرٌ
Q149	1	WrongAyah	301	335	وَإِذْ أَنْذَرْنَا قَوْمَ شُعَيْبٍ	خطأ
