Question_ID	Annotation_ID	Label	Span_Start	Span_End	Original_Span
A-Q01	1	Hadith	37	76	لا تنكح المرأة على عمتها ولا على خالتها
A-Q02	1	Ayah	180	312	لَقَدْ كَانَ لَكُمْ فِي رَسُولِ اللَّهِ أُسْوَةٌ حَسَنَةٌ لِمَن كَانَ يَرْجُو اللَّهَ وَالْيَوْمَ الْآخِرَ وَذَكَرَ اللَّهَ كَثِيرًا
A-Q02	2	Hadith	571	600	اختر منهم أربعاً وفارق سائرهن
A-Q02	3	Hadith	705	721	اختر منهن أربعاً
A-Q02	4	Hadith	834	861	أن يطلق أربعاً ويمسك أربعاً
A-Q02	5	Ayah	1004	1076	فَانْكِحُوا مَا طَابَ لَكُمْ مِنَ النِّسَاءِ مَثْنَى وَثُلَاثَ وَرُبَاعَ
A-Q02	6	Ayah	1521	1554	فانكحوا ما طاب لكم من النساء مثنى
A-Q02	7	Ayah	1894	1938	فانكحو ما طاب لكم من النساء مثنى وثلاث ورباع
A-Q02	8	Ayah	2077	2093	مثنى وثلاث ورباع
A-Q02	9	Ayah	2779	2795	مثنى وثلاث ورباع
A-Q02	10	Hadith	3530	3559	اختر منهم أربعاً وفارق سائرهن
A-Q02	11	Hadith	3665	3681	اختر منهن أربعاً
A-Q02	12	Hadith	3792	3819	أن يطلق أربعاً ويمسك أربعاً
A-Q02	13	Hadith	3957	3973	اختر منهن أربعًا
A-Q03	1	Ayah	105	268	أَوَلَمْ يَرَ الَّذِينَ كَفَرُوا أَنَّ السَّمَاوَاتِ وَالْأَرْضَ كَانَتَا رَتْقًا فَفَتَقْنَاهُمَا وَجَعَلْنَا مِنَ الْمَاءِ كُلَّ شَيْءٍ حَيٍّ أَفَلَا يُؤْمِنُونَ
A-Q03	2	Ayah	319	422	وَفِي قُلُوبِهِمْ مَرَضٌ فَزَادَهُمُ اللَّهُ مَرَضًا وَلَهُمْ عَذَابٌ أَلِيمٌ بِمَا كَانُوا يَكْذِبُونَ
A-Q03	3	Hadith	523	600	إن في الجسد مضغة إذا صلحت صلح الجسد كله وإذا فسدت فسد الجسد كله ألا وهي القلب
A-Q04	1	Ayah	93	194	فَتُزَوَّجْنَ بِمَنْ تُرَغِونَ مِنْهُمْ وَادْخُلُوا الْجَنَّةَ كُلَّهَا إِنَّ رَحْمانَكَ هُوَ عَظِيمٌ
A-Q04	2	Hadith	242	328	من مات له ثلاثة أولاد لم يبلغوا الحنث أدخله الله الجنة بفضل علمه إياهم القراءة والقرآن
A-Q05	1	Ayah	408	476	إِنَّ اللَّهَ لَا يَغْفِرُ أَنْ يُشْرَكَ بِهِ وَيَغْفِرُ مَا يَشَاءُ
A-Q05	2	Ayah	629	682	إِنَّ اللَّهَ يُدْرِكُ مَا تَشْتَهِي وَمَا تَنْهَوْنَ
A-Q05	3	Ayah	900	957	فَأَمَّا مَنْ أَعْطَى وَاتَّقَى وَصَدَقَ بِالْحَقِّ فَإِن
A-Q06	1	Ayah	141	330	وَسِيقَ الَّذِينَ اتَّقَوْا رَبَّهُمْ إِلَى الْجَنَّةِ زُمَرًا حَتَّى إِذَا جَاءُوهَا وَفُتِحَتْ أَبْوَابُهَا وَقَالَ لَهُمْ خَزَنَتُهَا سَلَامٌ عَلَيْكُمْ طِبْتُمْ فَادْخُلُوهَا خَالِدِينَ
A-Q06	2	Ayah	378	458	وَنُفِخَ فِي الصُّورِ فَإِذَا هُمْ مِنَ الْأَجْدَاثِ إِلَىٰ رَبِّهِمْ يَنسِلُونَ
A-Q06	3	Hadith	516	715	إذا دخل أهل الجنة الجنة، يقول الله تبارك وتعالى: تريدون شيئاً أزيدكم؟ فيقولون: ألم تبيض وجوهنا؟ ألم تدخلنا الجنة وتنجنا من النار؟ قال: فيكشف الحجاب، فما أعطوا شيئاً أحب إليهم من النظر إلى ربهم عز وجل
A-Q07	1	Ayah	487	495	وَإِنَّك
A-Q08	1	Ayah	156	284	قَالَ يَا قَوْمِ لِمَ تَعْجَبُونَ مِنْ أَنْ يَأْتِيَكُمْ رِجَالٌ يَنْصُرُونَ مِنْ عِنْدِ اللَّهِ وَبَشِّرُوهُمْ بِقَدَرٍ عَظِيمٍ
A-Q08	2	Ayah	297	575	وَقَالَ يَا قَوْمِ إِنَّ هَذَا إِلًا مِنَ رَسُولٍ إِنَّهُ يَأْتِيَكُمْ بِآيَةٍ مِنْ رَبِّكُمْ وَاللَّهُ يَرْزُقُ مَنْ يَشَاءُ وَمَا أَنْعَمْتُمْ فَأَنْعَمْ لِأُولِيَ الْأَلْوَانِ مِنَ النَّاسِ وَزِدْ لَهُمْ فَضْلًا وَلا تَمُدَّ وَصْفًا لِنَفْسِكَ فَيَصْبَحَ مِنَ الْمُخْتَالِينَ
A-Q08	3	Hadith	667	864	أُذِنَ لِنوحٍ بِالنُجومِ أَرُبَّعَةَ أَزْوَاجٍ وَأَرُبَّعَةَ أَزْوَاجٍ أَخَذَ مِنَ النُجومِ وَإِنَّما نَزَلَتِ النُجومُ عَلَيْهِ أَرُبَّعَةَ أَزْوَاجٍ وَأَرُبَّعَةَ أَزْوَاجٍ وَأَخَذَ مِنَ النُجومِ
A-Q08	4	Hadith	968	1038	أُذِنَ لِنوحٍ بِالنُجومِ أَرُبَّعَةَ أَزْوَاجٍ وَأَرُبَّعَةَ أَزْوَاجٍ
A-Q08	5	Hadith	1114	1280	أُذِنَ لِنوحٍ بِالنُجومِ أَرُبَّعَةَ أَزْوَاجٍ وَأَرُبَّعَةَ أَزْوَاجٍ وَأُذِنَ لَهُ بِالنُجومِ أَرُبَّعَةَ أَزْوَاجٍ وَأَرُبَّعَةَ أَزْوَاجٍ وَأُذِنَ لَهُ بِالنُجومِ
A-Q08	6	Hadith	1382	1452	أُذِنَ لِنوحٍ بِالنُجومِ أَرُبَّعَةَ أَزْوَاجٍ وَأَرُبَّعَةَ أَزْوَاجٍ
A-Q08	7	Hadith	1520	1590	أُذِنَ لِنوحٍ بِالنُجومِ أَرُبَّعَةَ أَزْوَاجٍ وَأَرُبَّعَةَ أَزْوَاجٍ
A-Q08	8	Hadith	1654	1724	أُذِنَ لِنوحٍ بِالنُجومِ أَرُبَّعَةَ أَزْوَاجٍ وَأَرُبَّعَةَ أَزْوَاجٍ
A-Q08	9	Hadith	1792	1812	أُذِنَ لِنوحٍ بِالنُ
A-Q09	1	Ayah	126	327	وَقَالَ لَهُمْ نُوحٌ أَلَا تَتُوبُونَ إِلَى اللَّهِ يَا بَنِي آدَمَ أَنَّهُ هُوَ رَبُّكُمْ أَرَضَانَ أَنْ تُفْسِدُوا فِي الْأَرْضِ وَتُخْرِجُوا مِنْهَا دُونَ اللَّهِ سِبْيًا أَأَنتُم بِهَذَا ظَالِمُونَ
A-Q09	2	Ayah	343	486	وَقَالَ لَهُمْ نُوحٌ أَلَا تَتَخْشَعُونَ قَالَ رَبِّ إِنَّهُمْ عَصَوْنَ وَاتَّبَعُوا أَهْوَاءَهُمْ وَكُلُ أُمَّةٍ بِنَصْبِهَا أَجَزَاءُ ضَنِينٌ
A-Q09	3	Ayah	515	553	قَالَ رَبِّ إِنَّ قَوْمِيْ تَخْدَعُونَ
A-Q09	4	Ayah	583	681	وَلَقَدْ أَرْسَلْنَا فِرْعَوْنَ إِلَى بَنِي إِسْرَائِيلَ فَقَالَ لَهُمْ أَنَا رَبُّكُمُ الْأَعْلَى
A-Q09	5	Ayah	715	934	وَإِن جَزِبْنَاهُمْ حَتّى إِذَا جَزِبْنَاهُمْ بَخِيلٌ كَأَن لَمْ نَرَوْهُمْ وَدَخَلْنَاهُمْ بَخِيلًا كَأَن لَمْ نَخْلُقْهُمْ بَلْ هُمْ قَوْمٌ طَغَى فِي الْعِلْمِ وَاتَّبَعُوا لَهْوَ قَلْبِهِمْ وَزَعَزَعَهُمُ الْبَخِلاءُ
A-Q09	6	Ayah	968	1076	وَقَالَ لَهُمْ أَتَعْرِفُونَ اللَّهَ وَهُوَ يُزَيِّلُكُمْ لَهُ دِينُكُمْ وَلَوْ شَاءَ لَرَفَعَكُمْ تَضْوَلاً
A-Q09	7	Ayah	1109	1202	وَلَقَدْ أَرْسَلْنَا إِلَيْهِمْ رَسُولًا مِنْهُمْ فَقَالُوا لَوْ يَطَاعُ مِنْهُمْ لَأَطَعْنَا
A-Q09	8	Ayah	1235	1328	وَلَقَدْ أَرْسَلْنَا إِلَيْهِمْ رَسُولًا مِنْهُمْ فَقَالُوا لَوْ يَطَاعُ مِنْهُمْ لَأَطَعْنَا
A-Q09	9	Ayah	1361	1454	وَلَقَدْ أَرْسَلْنَا إِلَيْهِمْ رَسُولًا مِنْهُمْ فَقَالُوا لَوْ يَطَاعُ مِنْهُمْ لَأَطَعْنَا
A-Q09	10	Ayah	1487	1580	وَلَقَدْ أَرْسَلْنَا إِلَيْهِمْ رَسُولًا مِنْهُمْ فَقَالُوا لَوْ يَطَاعُ مِنْهُمْ لَأَطَعْنَا
A-Q09	11	Ayah	1613	1706	وَلَقَدْ أَرْسَلْنَا إِلَيْهِمْ رَسُولًا مِنْهُمْ فَقَالُوا لَوْ يَطَاعُ مِنْهُمْ لَأَطَعْنَا
A-Q09	12	Ayah	1739	1803	وَلَقَدْ أَرْسَلْنَا إِلَيْهِمْ رَسُولًا مِنْهُمْ فَقَالُوا لَوْ
A-Q10	1	Ayah	251	405	يَا أَيُّهَا النَّاسُ اتَّقُوا رَبَّكُمُ الَّذِي خَلَقَكُمْ مِنْ نَفْسٍ وَاحِدَةٍ وَخَلَقَ مِنْهَا زَوْجَهَا وَبَثَّ مِنْهُمَا رِجَالًا كَثِيرًا وَنِسَاءً
A-Q10	2	Ayah	579	706	وَمِنْ آيَاتِهِ أَنْ خَلَقَ لَكُمْ مِنْ أَنْفُسِكُمْ أَزْوَاجًا لِتَسْكُنُوا إِلَيْهَا وَجَعَلَ بَيْنَكُمْ مَوَدَّةً وَرَحْمَةً
A-Q10	3	Hadith	962	1075	يا معشر الشباب، من استطاع منكم الباءة فليتزوج، فإنه أغض للبصر وأحصن للفرج، ومن لم يستطع فعليه بالصوم فإنه له وجاء
A-Q10	4	Hadith	1144	1199	لا ينظر الرجل إلى عورة الرجل ولا المرأة إلى عورة المرأة
A-Q11	1	Ayah	33	279	يَا أَيُّهَا الَّذِينَ آمَنُوا هَلْ أَدُلُّكُمْ عَلَى تِجَارَةٍ تُنْجِيكُمْ مِنْ عَذَابٍ أَلِيمٍ * تُؤْمِنُونَ بِاللَّهِ وَرَسُولِهِ وَتُجَاهِدُونَ فِي سَبِيلِ اللَّهِ بِأَمْوَالِكُمْ وَأَنْفُسِكُمْ ذَلِكُمْ خَيْرٌ لَكُمْ إِنْ كُنْتُمْ تَعْلَمُون
A-Q11	2	Hadith	329	504	مَن قُتِلَ دُونَ مَالِهِ فَهُوَ شَهِيدٌ، وَمَنْ قُتِلَ دُونَ أَهْلِهِ فَهُوَ شَهِيدٌ، وَمَنْ قُتِلَ دُونَ دِينِهِ فَهُوَ شَهِيدٌ، وَمَنْ قُتِلَ دُونَ دَمٍ هَدَرٍ فَهُوَ شَهِيد
A-Q11	3	Hadith	562	737	مَن قُتِلَ دُونَ مَالِهِ فَهُوَ شَهِيدٌ، وَمَنْ قُتِلَ دُونَ أَهْلِهِ فَهُوَ شَهِيدٌ، وَمَنْ قُتِلَ دُونَ دِينِهِ فَهُوَ شَهِيدٌ، وَمَنْ قُتِلَ دُونَ دَمٍ هَدَرٍ فَهُوَ شَهِيد
A-Q11	4	Hadith	789	964	مَن قُتِلَ دُونَ مَالِهِ فَهُوَ شَهِيدٌ، وَمَنْ قُتِلَ دُونَ أَهْلِهِ فَهُوَ شَهِيدٌ، وَمَنْ قُتِلَ دُونَ دِينِهِ فَهُوَ شَهِيدٌ، وَمَنْ قُتِلَ دُونَ دَمٍ هَدَرٍ فَهُوَ شَهِيد
A-Q11	5	Hadith	1016	1191	مَن قُتِلَ دُونَ مَالِهِ فَهُوَ شَهِيدٌ، وَمَنْ قُتِلَ دُونَ أَهْلِهِ فَهُوَ شَهِيدٌ، وَمَنْ قُتِلَ دُونَ دِينِهِ فَهُوَ شَهِيدٌ، وَمَنْ قُتِلَ دُونَ دَمٍ هَدَرٍ فَهُوَ شَهِيد
A-Q11	6	Hadith	1243	1418	مَن قُتِلَ دُونَ مَالِهِ فَهُوَ شَهِيدٌ، وَمَنْ قُتِلَ دُونَ أَهْلِهِ فَهُوَ شَهِيدٌ، وَمَنْ قُتِلَ دُونَ دِينِهِ فَهُوَ شَهِيدٌ، وَمَنْ قُتِلَ دُونَ دَمٍ هَدَرٍ فَهُوَ شَهِيد
A-Q11	7	Hadith	1470	1645	مَن قُتِلَ دُونَ مَالِهِ فَهُوَ شَهِيدٌ، وَمَنْ قُتِلَ دُونَ أَهْلِهِ فَهُوَ شَهِيدٌ، وَمَنْ قُتِلَ دُونَ دِينِهِ فَهُوَ شَهِيدٌ، وَمَنْ قُتِلَ دُونَ دَمٍ هَدَرٍ فَهُوَ شَهِيد
A-Q11	8	Hadith	1697	1872	مَن قُتِلَ دُونَ مَالِهِ فَهُوَ شَهِيدٌ، وَمَنْ قُتِلَ دُونَ أَهْلِهِ فَهُوَ شَهِيدٌ، وَمَنْ قُتِلَ دُونَ دِينِهِ فَهُوَ شَهِيدٌ، وَمَنْ قُتِلَ دُونَ دَمٍ هَدَرٍ فَهُوَ شَهِيد
A-Q11	9	Hadith	1924	2099	مَن قُتِلَ دُونَ مَالِهِ فَهُوَ شَهِيدٌ، وَمَنْ قُتِلَ دُونَ أَهْلِهِ فَهُوَ شَهِيدٌ، وَمَنْ قُتِلَ دُونَ دِينِهِ فَهُوَ شَهِيدٌ، وَمَنْ قُتِلَ دُونَ دَمٍ هَدَرٍ فَهُوَ شَهِيد
A-Q11	10	Hadith	2151	2326	مَن قُتِلَ دُونَ مَالِهِ فَهُوَ شَهِيدٌ، وَمَنْ قُتِلَ دُونَ أَهْلِهِ فَهُوَ شَهِيدٌ، وَمَنْ قُتِلَ دُونَ دِينِهِ فَهُوَ شَهِيدٌ، وَمَنْ قُتِلَ دُونَ دَمٍ هَدَرٍ فَهُوَ شَهِيد
A-Q11	11	Hadith	2378	2553	مَن قُتِلَ دُونَ مَالِهِ فَهُوَ شَهِيدٌ، وَمَنْ قُتِلَ دُونَ أَهْلِهِ فَهُوَ شَهِيدٌ، وَمَنْ قُتِلَ دُونَ دِينِهِ فَهُوَ شَهِيدٌ، وَمَنْ قُتِلَ دُونَ دَمٍ هَدَرٍ فَهُوَ شَهِيد
A-Q11	12	Hadith	2605	2780	مَن قُتِلَ دُونَ مَالِهِ فَهُوَ شَهِيدٌ، وَمَنْ قُتِلَ دُونَ أَهْلِهِ فَهُوَ شَهِيدٌ، وَمَنْ قُتِلَ دُونَ دِينِهِ فَهُوَ شَهِيدٌ، وَمَنْ قُتِلَ دُونَ دَمٍ هَدَرٍ فَهُوَ شَهِيد
A-Q11	13	Hadith	2832	2897	مَن قُتِلَ دُونَ مَالِهِ فَهُوَ شَهِيدٌ، وَمَنْ قُتِلَ دُونَ أَهْ
A-Q12	1	Ayah	115	258	قُلْ آمِنُوا بِهِ أَوْ لَا تُؤْمِنُوا إِنَّ الَّذِينَ أُوتُوا الْعِلْمَ مِنْ قَبْلِهِ إِذَا يُتْلَى عَلَيْهِمْ يَخِرُّونَ لِلْأَذْقَانِ سُجَّدً
A-Q12	2	Hadith	374	394	إن لله أهلين من النا
A-Q12	3	Hadith	427	455	هم أهل القرآن أهل الله وخاصت
A-Q12	4	Hadith	584	604	القرآن حجة لك أو علي
A-Q12	5	Ayah	746	799	تَنزِيلُ الْكِتَابِ مِنَ اللَّهِ الْعَزِيزِ الْحَكِيم
A-Q12	6	Ayah	836	926	إِنَّا أَنْزَلْنَا إِلَيْكَ الْكِتَابَ بِالْحَقِّ فَاعْبُدِ اللَّهَ مُخْلِصًا لَهُ الدِّين
A-Q12	7	Ayah	1078	1185	الَّذِينَ آمَنُوا وَتَطْمَئِنُّ قُلُوبُهُمْ بِذِكْرِ اللَّهِ ۗ أَلَا بِذِكْرِ اللَّهِ تَطْمَئِنُّ الْقُلُوب
A-Q12	8	Ayah	1322	1430	إِنَّ فِي خَلْقِ السَّمَاوَاتِ وَالْأَرْضِ وَاخْتِلَافِ اللَّيْلِ وَالنَّهَارِ لَآيَاتٍ لِأُولِي الْأَلْبَاب
A-Q12	9	Ayah	1594	1677	إِنَّمَا يَخْشَى اللَّهَ مِنْ عِبَادِهِ الْعُلَمَاءُ ۗ إِنَّ اللَّهَ عَزِيزٌ غَفُور
A-Q12	10	Ayah	1820	1996	وَمَا قَدَرُوا اللَّهَ حَقَّ قَدْرِهِ ۗ وَالْأَرْضُ جَمِيعًا قَبْضَتُهُ يَوْمَ الْقِيَامَةِ وَالسَّمَاوَاتُ مَطْوِيَّاتٌ بِيَمِينِهِ ۗ سُبْحَانَهُ وَتَعَالَىٰ عَمَّا يُشْرِكُون
A-Q12	11	Ayah	2151	2237	لَا تُدْرِكُهُ الْأَبْصَارُ وَهُوَ يُدْرِكُ الْأَبْصَارَ ۗ وَهُوَ اللَّطِيفُ الْخَبِير
A-Q12	12	Ayah	2391	2474	قُلْ يَا قَوْمِ اعْمَلُوا عَلَىٰ مَكَانَتِكُمْ إِنِّي عَامِلٌ ۖ فَسَوْفَ تَعْلَمُون
A-Q12	13	Ayah	2630	2686	فَأَعْرِضْ عَنْهُمْ وَانْتَظِرْ ۖ إِنَّهُمْ مُنْتَظِرُون
A-Q12	14	Ayah	2829	2916	فَأَعْرِضْ عَنْ مَنْ تَوَلَّىٰ عَنْ ذِكْرِنَا وَلَمْ يُرِدْ إِلَّا الْحَيَاةَ الدُّنْيَ
A-Q12	15	Ayah	3065	3121	فَأَعْرِضْ عَنْهُمْ وَانْتَظِرْ ۖ إِنَّهُمْ مُنْتَظِرُون
A-Q13	1	Ayah	219	341	وَلَا تَقْتُلُوا أَوْلَادَكُمْ خَشْيَةَ إِمْلَاقٍ نَحْنُ نَرْزُقُهُمْ وَإِيَّاكُمْ إِنَّ قَتْلَهُمْ كَانَ خِطْئًا كَبِيرًا
A-Q13	2	Ayah	388	425	وَمَا ذَٰلِكَ عَلَى اللَّهِ بِعَزِيزٍ
A-Q13	3	Hadith	483	570	الإنسان إذا مات خُتم على قلبه، ويصبح السمع والبصر والشم واللسان شاهداً عليه يوم القيامة
A-Q14	1	Ayah	204	333	إن الذين جاؤوا بالإفك عصبة منكم لا تحسبوه شرا لكم بل هو خير لكم لكل امرئ منهم ما اكتسب من الإثم والذى تولى كبره منهم له عذاب عظيم
A-Q14	2	Hadith	1697	3769	كان رسول الله صلى الله عليه وسلم إذا أراد سفرا أقرع بين أزواجه، فأيتهن خرج سهمها خرج بها رسول الله صلى الله عليه وسلم معه، قالت عائشة: فأقرع بيننا في غزوة غزاها فخرج فيها سهمي، فخرجت مع رسول الله صلى الله عليه وسلم بعد ما أنزل الحجاب، فكنت أحمل في هودجي وأنزل فيه، فسرنا حتى إذا فرغ رسول الله صلى الله عليه وسلم من غزوته تلك وقفل، ودنونا من المدينة قافلين، آذن ليلة بالرحيل، فقمت حين آذنوا بالرحيل، فمشيت حتى جاوزت الجيش، فلما قضيت شأني أقبلت إلى رحلي، فلمست صدري فإذا عقد لي من جزع ظفار قد انقطع، فرجعت فالتمست عقدي فحبسني ابتغاؤه، قالت: وأقبل الرهط الذين كانوا يرحلون لي، فاحتملوا هودجي فرحلوه على بعيري الذي كنت أركب عليه، وهم يحسبون أني فيه، وكان النساء إذ ذاك خفافا لم يهبلن، ولم يغشهن اللحم، إنما يأكلن العلقة من الطعام، فلم يستنكر القوم خفة الهودج حين رفعوه وحملوه، وكنت جارية حديثة السن، فبعثوا الجمل فساروا، ووجدت عقدي بعد ما استمر الجيش، فجئت منازلهم وليس بها منهم داع ولا مجيب، فتيممت منزلي الذي كنت فيه، وظننت أنهم سيفقدوني فيرجعون إلي، فبينا أنا جالسة في منزلي غلبتني عيني فنمت، وكان صفوان بن المعطل السلمي ثم الذكواني من وراء الجيش، فأصبح عند منزلي، فرأى سواد إنسان نائم فعرفني حين رآني، وكان رآني قبل الحجاب، فاستيقظت باسترجاعه حين عرفني، فخمرت وجهي بجلبابي، والله ما تكلمنا بكلمة، ولا سمعت منه كلمة غير استرجاعه، وهوى حتى أناخ راحلته، فوطئ على يدها، فقمت إليها فركبتها، فانطلق يقود بي الراحلة حتى أتينا الجيش موغرين في نحر الظهيرة وهم نزول، قالت: فهلك من هلك، وكان الذي تولى كبر الإفك عبد الله بن أبي ابن سلول. قال عروة: أخبرت أنه كان يشاع ويتحدث به عنده، فيقره ويستمعه ويستوشيه. وقال عروة أيضا: لميسم من أهل الإفك أيضا إلا حسان بن ثابت، ومسطح بن أثاثة، وحمنة بنت جحش، في ناس آخرين لا علم لي بهم، غير أنهم عصبة، كما قال الله تعالى، وإن كبر ذلك يقال له: عبد الله بن أبي ابن سلول.قال عروة، كانت عائشة تكره أن يسب عندها حسان، وتقول: إنه الذي قال:فإن أبي ووالده وعرضي * لعرض محمد منكم وقاءقالت عائشة: فقدمنا المدينة، فاشتكيت حين قدمت شهرا، والناس يفيضون في قول أصحاب الإفك، لا أشعر بشيء من ذلك، وهو يريبني في وجعي أني لا أعرف من رسول الله صلى الله عليه وسلم اللطف الذي كنت أرى منه حين أشتكي، إنما يدخل علي رسول الله صلى الله عليه وسلم فيسلم، ثم يقول: (كيف تيكم
A-Q14	3	Ayah	3821	3842	إن الذين جاءوا بالإفك
A-Q14	4	Ayah	3909	3921	أولئك مبرءون
A-Q14	5	Ayah	4453	4462	عصبة منكم
A-Q15	0	NoAnnotation	0	0	
A-Q16	1	Ayah	24	164	الله ولي الذين آمنوا يخرجهم من الظلمات إلى النور والذين كفروا أولياؤهم الطاغوت يخرجونهم من النور إلى الظلام أولئك أصحاب النار هم فيها خالدون
A-Q16	2	Hadith	214	301	من علامات اقتراب الساعة أن يكون خطاب المرء تعلم الأنساب وأن تتاجر المرأة بغير إذن زوجها
A-Q17	1	Ayah	2052	2097	فانكحوا ما طاب لكم من النساء مثنى وثلاث ورباع
A-Q17	2	Hadith	2285	2320	خيركم خيركم لأهله، وأنا خيركم لأهلي
A-Q17	3	Hadith	2489	2547	أكمل المؤمنين إيماناً أحسنهم خلقاً، وخياركم خياركم لنسائهم
A-Q17	4	Hadith	2733	2876	ألا واستوصوا بالنساء خيراً، فإنهن خلقن من ضلع، وإن أعوج شيء في الضلع أعلاه، فإن ذهبت تقيمه كسرته، وإن تركته لم يزل أعوج، فاستوصوا بالنساء خيراً
A-Q17	5	Hadith	3068	3103	خيركم خيركم لأهله، وأنا خيركم لأهلي
A-Q17	6	Hadith	3272	3415	ألا واستوصوا بالنساء خيراً، فإنهن خلقن من ضلع، وإن أعوج شيء في الضلع أعلاه، فإن ذهبت تقيمه كسرته، وإن تركته لم يزل أعوج، فاستوصوا بالنساء خيراً
A-Q17	7	Hadith	3607	3750	ألا واستوصوا بالنساء خيراً، فإنهن خلقن من ضلع، وإن أعوج شيء في الضلع أعلاه، فإن ذهبت تقيمه كسرته، وإن تركته لم يزل أعوج، فاستوصوا بالنساء خيراً
A-Q18	0	NoAnnotation	0	0	
A-Q19	1	Ayah	164	222	لا إكراه في الدين قيل لكم اتقوا فاتقوا ما نعمى لكم من عذاب
A-Q19	2	Ayah	364	515	وَلا تَقْنَصِ وَاللَّهُ مَعَكُمْ وَإِن تَعُدُّواْ خَيْرًا تُخَيِّرُ لَهُمْ وَإِن تَعُدُّواْ سَيِّئًا يُخَيِّرُ لَهُمْ وَهُوَ عَلَى كُلِّ شَيْءٍ قَدِيرٌ
A-Q19	3	Ayah	629	672	وَلَوْ شَاءَ رَبُّكَ لَآمَنَ الْمُشْرِكُونَ
A-Q19	4	Hadith	844	888	لا يُؤَمَّنُ أَحَدٌ حَتّى يُؤَمَّنَ نَفْسُهُ
A-Q19	5	Hadith	1040	1201	إِنَّ اللَهَ لَمّا خَلَقَ النَاسَ خَلَقَهُمْ عَلى الدِّينِ فَجَعَلَ أَخلاقَهُمُ وَإِنَّ اللَهَ لَمّا خَلَقَ النَاسَ خَلَقَهُمْ عَلى الدِّينِ فَجَعَلَ أَخلاقَهُمُ
A-Q21	1	Ayah	349	378	إن الذين جاؤ بالإفك عصبة منكم
A-Q22	1	Ayah	279	957	ولا ت结婚وا النساء من أهلِكُم، ولا أخواتِكُم، ولا أمهاتِكُم، ولا أخواتِ أمهاتِكُم، ولا أخواتِكُم من أمهاتِكُم، ولا بناتِكُم من أمهاتِكُم، ولا أخواتِكُم من أمهاتِكُم، ولا أخواتِكُم من أمهاتِكُم، ولا أخواتِكُم من أمهاتِكُم، ولا أخواتِكُم من أمهاتِكُم، ولا أخواتِكُم من أمهاتِكُم، ولا أخواتِكُم من أمهاتِكُم، ولا أخواتِكُم من أمهاتِكُم، ولا أخواتِكُم من أمهاتِكُم، ولا أخواتِكُم من أمهاتِكُم، ولا أخواتِكُم من أمهاتِكُم، ولا أخواتِكُم من أمهاتِكُم، ولا أخواتِكُم من أمهاتِكُم، ولا أخواتِكُم من أمهاتِكُم، ولا أخواتِكُم من أمهاتِكُم، ولا أخواتِكُم من أمهاتِكُم، ولا أخواتِكُم من أمهاتِكُم، ولا أخواتِكُم من أمهاتِكُم، ولا أخواتِكُم من أمهاتِكُم، ولا أخواتِكُم من أمهاتِكُم، ولا أخواتِ
A-Q23	1	Hadith	127	217	"يحذر النبي محمد (عليه الصلاة والسلام) أتباعه من الاستماع إلى ""صوت"" الشيطان واتباع توجيهاته"
A-Q24	0	NoAnnotation	0	0	
A-Q25	1	Ayah	89	95	يا بني
A-Q25	2	Ayah	144	150	يا بني
A-Q25	3	Ayah	198	204	يا بني
A-Q25	4	Ayah	252	258	يا بني
A-Q25	5	Ayah	306	312	يا بني
A-Q25	6	Ayah	369	375	يا بني
A-Q25	7	Hadith	477	594	إن الله كتب الإحسان على كل شيء، فإذا قتلتم فأحسنوا القتلة، وإذا ذبحتم فأحسنوا الذبحة، وليحد أحدكم شفرته، وليرح ذبيحته
A-Q25	8	Hadith	671	839	إن الله كتب الإحسان على كل شيء، فإذا قتلتم فأحسنوا القتلة، وإذا ذبحتم فأحسنوا الذبحة، وليحد أحدكم شفرته، وليشحذها عن ذبيحته، فإذا ذبح أحدكم فليستأتر، وليأكل وليعطي جاره
A-Q25	9	Hadith	916	1084	إن الله كتب الإحسان على كل شيء، فإذا قتلتم فأحسنوا القتلة، وإذا ذبحتم فأحسنوا الذبحة، وليحد أحدكم شفرته، وليشحذها عن ذبيحته، فإذا ذبح أحدكم فليستأتر، وليأكل وليعطي جاره
A-Q26	0	NoAnnotation	0	0	
A-Q27	0	NoAnnotation	0	0	
A-Q28	0	NoAnnotation	0	0	
A-Q29	0	NoAnnotation	0	0	
A-Q30	1	Ayah	199	309	وَلا تَحْسَبَنَّ الَّذِينَ قُتِلُوا فِي سَبِيلِ اللَّهِ أَمْوَاتًا بَلْ أَحْيَاءٌ عِنْدَ رَبِّهِمْ يُرْزَقُونَ
A-Q30	2	Hadith	414	599	إن في الجنة مائة درجة أعدها الله للمجاهدين في سبيل الله، ما بين الدرجتين كما بين السماء والأرض، فإذا سألتم الله فاسألوه الفردوس، فإنه أوسط الجنة، ومنه تفجر أنهار الجنة، وفوقه عرش الرحمن
A-Q30	3	Hadith	617	663	أرواح الشهداء في أجواف طير خضر معلقة تحت العرش
A-Q30	4	Hadith	671	738	يغفر لهم كل ذنب اقترفوه إلا مائة درجة أعدها الله للمجاهدين في سبيله
A-Q30	5	Hadith	756	995	للشهيد عند الله ست خصال: يغفر له في أول دفعة، ويرى مقعده من الجنة، ويجار من عذاب القبر، ويأمن من الفزع الأكبر، ويوضع على رأسه تاج الوقار الياقوتة منه خير من الدنيا وما فيها، ويزوج اثنتين وسبعين زوجة من الحور العين، ويشفع في سبعين من أقاربه
A-Q30	6	Hadith	1067	1133	من سأل الله الشهادة بصدق بلغه الله منازل الشهداء وإن مات على فراشه
A-Q30	7	Hadith	1336	1413	من قتل دون دمه فهو شهيد، ومن قتل دون أهله فهو شهيد، ومن قتل دون ماله فهو شهيد
A-Q30	8	Ayah	1566	1839	وَلا تَحْسَبَنَّ الَّذِينَ قُتِلُوا فِي سَبِيلِ اللَّهِ أَمْوَاتاً بَلْ أَحْيَاءٌ عِنْدَ رَبِّهِمْ يُرْزَقُونَ فَرِحِينَ بِمَا آتَاهُمُ اللَّهُ مِنْ فَضْلِهِ وَيَسْتَبْشِرُونَ بِالَّذِينَ لَمْ يَلْحَقُوا بِهِمْ مِنْ خَلْفِهِمْ أَلَّا خَوْفٌ عَلَيْهِمْ وَلا هُمْ يَحْزَنُونَ
A-Q30	9	Ayah	1841	1938	يَسْتَبْشِرُونَ بِنِعْمَةٍ مِنَ اللَّهِ وَفَضْلٍ وَأَنَّ اللَّهَ لا يُضِيعُ أَجْرَ الْمُؤْمِنِينَ
A-Q30	10	Hadith	2223	2273	من قاتل لتكون كلمة الله هي العليا فهو في سبيل الله
A-Q30	11	Hadith	2342	2392	من قتل دون دمه فهو شهيد، ومن قتل دون ماله فهو شهيد
A-Q30	12	Ayah	2834	2945	وَلَا تَحْسَبَنَّ الَّذِينَ قُتِلُوا فِي سَبِيلِ اللَّهِ أَمْوَاتًا بَلْ أَحْيَاءٌ عِنْدَ رَبِّهِمْ يُرْزَقُونَ
A-Q30	13	Hadith	3477	3662	إن في الجنة مائة درجة أعدها الله للمجاهدين في سبيل الله، ما بين الدرجتين كما بين السماء والأرض، فإذا سألتم الله فاسألوه الفردوس، فإنه أوسط الجنة، ومنه تفجر أنهار الجنة، وفوقه عرش الرحمن
A-Q30	14	Hadith	3707	4004	لما أصيب إخوانكم بأحد جعل الله أرواحهم في أجواف طير خضر ترد أنهار الجنة وتأكل من ثمارها وتأوي إلى قناديل من ذهب معلقة في ظل العرش، فلما وجدوا طيب مأكلهم ومشربهم ومقيلهم قالوا: من يبلغ إخواننا عنا أنا أحياء في الجنة نرزق لئلا يزهدوا في الشهادة، ولا ينكلوا عن الحرب؟ فقال الله تعالى: أنا أبلغهم عنكم
A-Q30	15	Ayah	4024	4134	وَلا تَحْسَبَنَّ الَّذِينَ قُتِلُوا فِي سَبِيلِ اللَّهِ أَمْوَاتاً بَلْ أَحْيَاءٌ عِنْدَ رَبِّهِمْ يُرْزَقُونَ
A-Q30	16	Ayah	4136	4298	فَرِحِينَ بِمَا آتَاهُمُ اللَّهُ مِنْ فَضْلِهِ وَيَسْتَبْشِرُونَ بِالَّذِينَ لَمْ يَلْحَقُوا بِهِمْ مِنْ خَلْفِهِمْ أَلَّا خَوْفٌ عَلَيْهِمْ وَلا هُمْ يَحْزَنُونَ
A-Q30	17	Ayah	4300	4397	يَسْتَبْشِرُونَ بِنِعْمَةٍ مِنَ اللَّهِ وَفَضْلٍ وَأَنَّ اللَّهَ لا يُضِيعُ أَجْرَ الْمُؤْمِنِينَ
A-Q30	18	Hadith	4407	4646	للشهيد عند الله ست خصال: يغفر له في أول دفعة، ويرى مقعده من الجنة، ويجار من عذاب القبر، ويأمن من الفزع الأكبر، ويوضع على رأسه تاج الوقار الياقوتة منه خير من الدنيا وما فيها، ويزوج اثنتين وسبعين زوجة من الحور العين، ويشفع في سبعين من أقاربه
A-Q30	19	Ayah	4821	4842	والذين قتلوا ثم ماتوا
A-Q30	20	Ayah	5006	5161	وَالَّذِينَ هَاجَرُوا فِي سَبِيلِ اللَّهِ ثُمَّ قُتِلُوا أَوْ مَاتُوا لَيَرْزُقَنَّهُمُ اللَّهُ رِزْقًا حَسَنًا وَإِنَّ اللَّهَ لَهُوَ خَيْرُ الرَّازِقِينَ
A-Q30	21	Ayah	5847	5924	ومن يخرج من بيته مهاجرًا إلى الله ورسوله ثم يدركه الموت فقد وقع أجره على الله
A-Q30	22	Hadith	6014	6028	أنت من الأولين
A-Q31	0	NoAnnotation	0	0	
A-Q32	1	Ayah	0	22	بسم الله الرحمن الرحيم
A-Q33	1	Ayah	70	151	وَطَعَامُهُمْ مِنْ غِلْمَانٍ مِنْ حُنْطَةٍ وَنَوْلٍ وَمِنْ شَجَرَةٍ مِنْ زَقُّومٍ
A-Q33	2	Hadith	208	339	إنها شجرة تخرج في أصلها من أصل النار، طول ورقها مثل رأس الفرس، وعرقها مثل أقرع الوعول، طعمها مثل الزقوم، ورائحتها مثل رائحة الجرذان
A-Q33	3	Ayah	434	456	شجرة تخرج من أصل النار
A-Q33	4	Hadith	493	592	شجرة طول ورقها مثل رأس الفرس، وعرقها مثل أقرع الوعول، وطعمها مثل الزقوم، ورائحتها مثل رائحة الجرذان
A-Q34	1	Ayah	167	311	وَلَوْ تَرَى إِذْ أَوْحَيْنَا إِلَى الْأَمْثَالِ فَتَقَعَّدُوا فَتَنَاكَرُوا وَكُنتَ أَنْظَرُهُمْ إِذْ تَبِتُ أَنْفُسُهُمْ وَهُمْ يَسْتَخِفُّونَ
A-Q34	2	Ayah	373	382	أَمْثَالُ
A-Q34	3	Ayah	474	488	يَتَنَاكَرُونَ
A-Q34	4	Ayah	563	683	وَلَقَدْ خَلَقْنَا الْإِنْسَانَ مِنْ صَلْصَالٍ مِنْ وَصْلٍ فَكَفَرَ الرَسُولُ وَآتَينَاهُ مِنْ لَدُنْ عِنْدَنَا بَيَانًا
A-Q34	5	Ayah	745	771	مِنْ صَلْصَالٍ مِنْ وَصْلٍ
A-Q34	6	Ayah	835	846	يَكْفُرُونَ
A-Q34	7	Hadith	948	1051	الزاني والزانية والمنافق والممنوقة والمجرور والمستأذن والمستمسك بالسحر من الجاهلين لا يَدخُلُ الجَنَّةَ
A-Q34	8	Hadith	1149	1164	الزاني والزانية
A-Q34	9	Hadith	1225	1234	يَضِلُّون
A-Q35	1	Ayah	160	197	الْحَمْدُ لِلَّهِ رَبِّ الْعَالَمِينَ
A-Q35	2	Ayah	354	395	وَمَن يُضْلِلِ اللَّهُ فَلَا هَادِيَ لَهُ
A-Q35	3	Ayah	533	575	وَلَقَدْ أَرَيْنَاهُمْ آيَةً فَكَذَّبُوهَا
A-Q35	4	Hadith	758	823	عِلْمُ الدِّينِ عِلْمٌ عَظِيمٌ، وَأَضَدُ العُلومِ عِلْمُ النَفْسِ
A-Q35	5	Hadith	970	1058	إِنَّ أَعْظَمَ العِلْمِ مَعْرِفَةُ اللَهِ، وَإِنَّ أَعْظَمَ العِلْمِ مَعْرِفَةُ النَفْسِ
A-Q36	1	Ayah	133	177	وَإِبْرَاهِيمَ لَم يَكُن مِنَ الْمُشْرِكِينَ
A-Q36	2	Ayah	229	365	وَقَالَ إِن نَّكُ لَنَزكَ اللَّهُ عَلَيْنَا وَمَن يَخْلُفْكُمْ مِن بَعْدِكُمْ وَمَن يُضِلُّ فَلَن تَجِدَ لَهُ مِن بَعْدِكُمْ أَوْلِيَاءَ
A-Q36	3	Ayah	433	520	وَإِسْحَاقَ إِذ نَادَاهُ رَبُهُ بِإِحْسَانٍ قَالَ سَوْفَ أُفْعَلْ بِيَ وَرَبِّي يَهْدِي
A-Q36	4	Ayah	573	628	وَقَالَ يَا أَبَتِ افْتَخَرْتَ وَتَوَلَّيْتَ وَكَذَبْتَ
A-Q36	5	Ayah	695	755	وَكَذَلِكَ يُفَصِّلُ اللَّهُ الْأَيَاتِ لِقَوْمٍ يُؤْمِنُونَ
A-Q36	6	Ayah	806	893	وَقَالَ يَا أَيُّهَا الْحَزَنَاءُ أَنَا رَسُولُ رَبِّكُمْ فَسَلْطُغُوَ لِيَ بِأَيُّكُمْ
A-Q36	7	Ayah	961	1040	وَإِنَّ مِن شِيعَتِهِ لَأَحَداً بَلْ كَثِيراً وَكَذَلِكَ نَجْزِي الْمُحْسِنِينَ
A-Q36	8	Ayah	1093	1172	وَإِنَّ مِن شِيعَتِهِ لَأَحَداً بَلْ كَثِيراً وَكَذَلِكَ نَجْزِي الْمُحْسِنِينَ
A-Q36	9	Hadith	1261	1296	وَكُلُّ نَبِيٍّ مِنَ الْمُؤْمِنِينَ
A-Q36	10	Hadith	1314	1349	وَكُلُّ نَبِيٍّ مِنَ الْمُؤْمِنِينَ
A-Q37	1	Ayah	146	179	أَفَلَا يَتَدَبَّرُونَ الْقُرْآنَ
A-Q37	2	Ayah	209	309	كِتَابٌ أَنْزَلْنَاهُ إِلَيْكَ مُبَارَكٌ لِيَدَّبَّرُوا آيَاتِهِ وَلِيَتَذَكَّرَ أُولُو الْأَلْبَابِ
A-Q37	3	Hadith	444	540	إن الله كتب كتاباً قبل أن يخلق السماوات والأرض بألفي عام، وهو عنده فوق العرش، إن رحمتي سبقت غضبي
A-Q37	4	Hadith	697	793	إن الله كتب كتاباً قبل أن يخلق السماوات والأرض بألفي عام، وهو عنده فوق العرش، إن رحمتي سبقت غضبي
A-Q37	5	Ayah	982	1030	وَتَزَوَّدُوا فَإِنَّ خَيْرَ الزَّادِ التَّقْوَى
A-Q38	1	Ayah	168	308	وَقَالَ لَهُمْ أَلْقُوا مَا تُقْسِمُونَ تَسْلَمُ أَيْدِيُكُمْ وَلَا تَفْتَرُ وَبِئْسَ لِأَعْدَآءِ اللَّهِ أَنفُسُهُمْ لَهُمْ عَذَابٌ أَلِيمٌ
A-Q38	2	Ayah	534	571	الْحَمْدُ لِلَّهِ رَبِّ الْعَالَمِينَ
A-Q38	3	Ayah	711	817	وَلَقَدْ خَلَقْنَا الإِنسَانَ مِن صَغَارَةٍ أَطْوَلَاتٍ فَإِذَا هُوَ كَافِرٌ نُذِقْهُ مِنْ عَذَابٍ عَظِيمٍ
A-Q38	4	Ayah	1019	1178	وَلَقَدْ أَرَيْنَاهُ آيَاتِنَا فَكَذَّبَهَا وَكَذَّبَ مِنْ قَبْلِهِ وَمَا يُبْصِرُ مِنْ عِبَادِ اللَّهِ إِلَّا لَوْ أَنَّهُ حَآفيَطَ أَوْ يَخْرُجَ إِلَى ضِياءٍ
A-Q38	5	Hadith	1477	1536	الصلاة من أبرار الأعمال، والقلب من الأعضاء، والقلب من العقل
A-Q38	6	Hadith	1656	1702	الْعِلْمُ نُورٌ، وَالنُورُ يُضيءُ في القُلُوبِ
A-Q38	7	Hadith	1821	1855	إِنَّما تُبْتُ أَنَ تُبِتَ قَلبُكَ
A-Q39	1	Ayah	177	293	مَنْ كَانَ عَدُوًّا لِلَّهِ وَمَلَائِكَتِهِ وَرُسُلِهِ وَجِبْرِيلَ وَمِيكَالَ فَإِنَّ اللَّهَ عَدُوٌّ لِلْكَافِرِينَ
A-Q39	2	Ayah	350	443	قُلْ يَتَوَفَّاكُمْ مَلَكُ الْمَوْتِ الَّذِي وُكِّلَ بِكُمْ ثُمَّ إِلَى رَبِّكُمْ تُرْجَعُونَ
A-Q39	3	Ayah	499	575	وَنَادَوْا يَا مَالِكُ لِيَقْضِ عَلَيْنَا رَبُّكَ قَالَ إِنَّكُمْ مَاكِثُونَ
A-Q39	4	Ayah	648	683	بِأَيْدِي سَفَرَةٍ كِرَامٍ بَرَرَةٍ
A-Q39	5	Hadith	750	860	مثل الذي يقرأ القرآن وهو حافظ له مع السفرة الكرام، ومثل الذي يقرأ القرآن وهو يتعاهده، وهو عليه شديد، فله أجران
A-Q39	6	Hadith	911	1291	أن الرسول ﷺ كان مضطجعا في بيتها، كاشفا عن فخذيه أو ساقيه، فاستأذن أبو بكر، فأذن له وهو على تلك الحال، فتحدث، ثمّ استأذن عمر، فأذن له وهو كذلك، فتحدث، ثم استأذن عثمان، فجلس الرسول ﷺ وسوّى ثيابه، فدخل، فتحدث، فلما خرج قالت عائشة: دخل أبو بكر، فلم تهتش له، ولم تُبَالهِ، ثم دخل عمر، فلم تهتش له ولم تباله، ثم دخل عثمان، فجلست، وسويت ثيابك، فقال: ألا استحيي من رجل تستحيي منه الملائكة
A-Q39	7	Ayah	1636	1752	مَنْ كَانَ عَدُوًّا لِلَّهِ وَمَلَائِكَتِهِ وَرُسُلِهِ وَجِبْرِيلَ وَمِيكَالَ فَإِنَّ اللَّهَ عَدُوٌّ لِلْكَافِرِينَ
A-Q39	8	Ayah	1827	1920	قُلْ يَتَوَفَّاكُمْ مَلَكُ الْمَوْتِ الَّذِي وُكِّلَ بِكُمْ ثُمَّ إِلَى رَبِّكُمْ تُرْجَعُونَ
A-Q39	9	Ayah	1977	2053	وَنَادَوْا يَا مَالِكُ لِيَقْضِ عَلَيْنَا رَبُّكَ قَالَ إِنَّكُمْ مَاكِثُونَ
A-Q39	10	Ayah	2395	2511	مَنْ كَانَ عَدُوًّا لِلَّهِ وَمَلَائِكَتِهِ وَرُسُلِهِ وَجِبْرِيلَ وَمِيكَالَ فَإِنَّ اللَّهَ عَدُوٌّ لِلْكَافِرِينَ
A-Q39	11	Ayah	2574	2667	قُلْ يَتَوَفَّاكُمْ مَلَكُ الْمَوْتِ الَّذِي وُكِّلَ بِكُمْ ثُمَّ إِلَى رَبِّكُمْ تُرْجَعُونَ
A-Q39	12	Ayah	2722	2798	وَنَادَوْا يَا مَالِكُ لِيَقْضِ عَلَيْنَا رَبُّكَ قَالَ إِنَّكُمْ مَاكِثُونَ
A-Q39	13	Ayah	3034	3069	بِأَيْدِي سَفَرَةٍ كِرَامٍ بَرَرَةٍ
A-Q39	14	Hadith	3546	3656	مثل الذي يقرأ القرآن وهو حافظ له مع السفرة الكرام، ومثل الذي يقرأ القرآن وهو يتعاهده، وهو عليه شديد، فله أجران
A-Q39	15	Hadith	3782	4164	أن الرسول ﷺ كان مضطجعاً في بيتها، كاشفاً عن فخذيه أو ساقيه، فاستأذن أبو بكر، فأذن له وهو على تلك الحال، فتحدث، ثمّ استأذن عمر، فأذن له وهو كذلك، فتحدث، ثم استأذن عثمان، فجلس الرسول ﷺ وسوّى ثيابه، فدخل، فتحدث، فلما خرج قالت عائشة: دخل أبو بكر، فلم تهتش له، ولم تُبَالهِ، ثم دخل عمر، فلم تهتش له ولم تباله، ثم دخل عثمان، فجلست، وسويت ثيابك، فقال: ألا استحيي من رجل تستحيي منه الملائكة
A-Q40	1	Ayah	166	707	حُرِّمَتْ عَلَيْكُمْ أُمَّهَاتُكُمْ وَبَنَاتُكُمْ وَأَخَوَاتُكُمْ وَعَمَّاتُكُمْ وَخَالاتُكُمْ وَبَنَاتُ الْأَخِ وَبَنَاتُ الْأُخْتِ وَأُمَّهَاتُكُمُ اللَّاتِي أَرْضَعْنَكُمْ وَأَخَوَاتُكُمْ مِنَ الرَّضَاعَةِ وَأُمَّهَاتُ نِسَائِكُمْ وَرَبَائِبُكُمُ اللَّاتِي فِي حُجُورِكُمْ مِنْ نِسَائِكُمُ اللَّاتِي دَخَلْتُمْ بِهِنَّ فَإِنْ لَمْ تَكُونُوا دَخَلْتُمْ بِهِنَّ فَلَا جُنَاحَ عَلَيْكُمْ وَحَلَائِلُ أَبْنَائِكُمُ الَّذِينَ مِنْ أَصْلابِكُمْ وَأَنْ تَجْمَعُوا بَيْنَ الْأُخْتَيْنِ إِلَّا مَا قَدْ سَلَفَ إِنَّ اللَّهَ كَانَ غَفُورًا رَحِيمًا
A-Q40	2	Ayah	1182	1257	وَأُمَّهَاتُكُمُ اللَّاتِي أَرْضَعْنَكُمْ وَأَخَوَاتُكُمْ مِنَ الرَّضَاعَةِ
A-Q40	3	Ayah	1413	1483	وَرَبَائِبُكُمُ اللَّاتِي فِي حُجُورِكُمْ مِنْ نِسَائِكُمُ اللَّاتِي د
A-Q40	4	Hadith	1871	1898	يحرم بالرضاع ما يحرم بالنسب
A-Q40	5	Ayah	1911	2454	حُرِّمَتْ عَلَيْكُمْ أُمَّهَاتُكُمْ وَبَنَاتُكُمْ وَأَخَوَاتُكُمْ وَعَمَّاتُكُمْ وَخَالَاتُكُمْ وَبَنَاتُ الْأَخِ وَبَنَاتُ الْأُخْتِ وَأُمَّهَاتُكُمُ اللَّاتِي أَرْضَعْنَكُمْ وَأَخَوَاتُكُمْ مِنَ الرَّضَاعَةِ وَأُمَّهَاتُ نِسَائِكُمْ وَرَبَائِبُكُمُ اللَّاتِي فِي حُجُورِكُمْ مِنْ نِسَائِكُمُ اللَّاتِي دَخَلْتُمْ بِهِنَّ فَإِنْ لَمْ تَكُونُوا دَخَلْتُمْ بِهِنَّ فَلَا جُنَاحَ عَلَيْكُمْ وَحَلَائِلُ أَبْنَائِكُمُ الَّذِينَ مِنْ أَصْلَابِكُمْ وَأَنْ تَجْمَعُوا بَيْنَ الْأُخْتَيْنِ إِلَّا مَا قَدْ سَلَفَ إِنَّ اللَّهَ كَانَ غَفُورًا رَحِيمًا
A-Q40	6	Hadith	3203	3230	يحرم بالرضاع ما يحرم بالنسب
A-Q40	7	Ayah	3245	3784	حُرِّمَتْ عَلَيْكُمْ أُمَّهَاتُكُمْ وَبَنَاتُكُمْ وَأَخَوَاتُكُمْ وَعَمَّاتُكُمْ وَخَالاتُكُمْ وَبَنَاتُ الْأَخِ وَبَنَاتُ الْأُخْتِ وَأُمَّهَاتُكُمُ اللَّاتِي أَرْضَعْنَكُمْ وَأَخَوَاتُكُمْ مِنَ الرَّضَاعَةِ وَأُمَّهَاتُ نِسَائِكُمْ وَرَبَائِبُكُمُ اللَّاتِي فِي حُجُورِكُمْ مِنْ نِسَائِكُمُ اللَّاتِي دَخَلْتُمْ بِهِنَّ فَإِنْ لَمْ تَكُونُوا دَخَلْتُمْ بِهِنَّ فَلا جُنَاحَ عَلَيْكُمْ وَحَلائِلُ أَبْنَائِكُمُ الَّذِينَ مِنْ أَصْلابِكُمْ وَأَنْ تَجْمَعُوا بَيْنَ الْأُخْتَيْنِ إِلَّا مَا قَدْ سَلَفَ إِنَّ اللَّهَ كَانَ غَفُوراً رَحِيماً
A-Q41	1	Ayah	362	596	وَجَعَلَ لَكُمْ أَيْمَانَكُمْ شَرَاعًا فَأَسْبِلُوا بِهَا وَأَقِيمُوا الْوُضُوءَ وَأَقِيمُوا الْعَظَمَاتِ وَالْكَبَائِرَ وَلَا تَسْتَشِرُوا فِي الْأَمْرِ الْمُبِينِ وَأَنْتُمْ تَعْلَمُونَ الْكُتُبَ الْمُبِينَةَ وَالْقُرْآنَ الْمُبِينَ
A-Q41	2	Ayah	835	995	وَجَعَلَ لَكُمْ أَيْمَانَكُمْ شَرَاعًا وَلَكُمْ فِي الْأَرْضِ مَوَاقِعُ لِتَسْتَبْقُوا فِيهَا وَلِتَعْرِفُوا الْخَيْرَ مِنْ الْبَاطِلِ وَلَعَلَّكُمْ تَعْقِلُونَ
A-Q42	0	NoAnnotation	0	0	
A-Q43	0	NoAnnotation	0	0	
A-Q44	1	Hadith	37	269	إن الملائكة تنزل في هذه المساجد، فإذا رأوا أحداً من أمتي قد صلى ركعتين قبل أن يجلس، قالوا: اللهم اغفر له، اللهم ارحمه، اللهم ارض عنه، اللهم اقبل منه، اللهم اكتب له الأجر، اللهم ارفع درجته، اللهم اجعل له خيراً مما ترك، وخلفاً مما خلف
A-Q44	2	Ayah	275	345	وَإِذْ قَالَ رَبُّكَ لِلْمَلَائِكَةِ إِنِّي خَالِقٌ بَشَرًا مِنْ طِينٍ
A-Q44	3	Ayah	349	419	وَإِذْ قَالَ رَبُّكَ لِلْمَلَائِكَةِ إِنِّي خَالِقٌ بَشَرًا مِنْ طِينٍ
A-Q44	4	Ayah	423	493	وَإِذْ قَالَ رَبُّكَ لِلْمَلَائِكَةِ إِنِّي خَالِقٌ بَشَرًا مِنْ طِينٍ
A-Q44	5	Ayah	497	567	وَإِذْ قَالَ رَبُّكَ لِلْمَلَائِكَةِ إِنِّي خَالِقٌ بَشَرًا مِنْ طِينٍ
A-Q44	6	Ayah	572	642	وَإِذْ قَالَ رَبُّكَ لِلْمَلَائِكَةِ إِنِّي خَالِقٌ بَشَرًا مِنْ طِينٍ
A-Q44	7	Ayah	647	717	وَإِذْ قَالَ رَبُّكَ لِلْمَلَائِكَةِ إِنِّي خَالِقٌ بَشَرًا مِنْ طِينٍ
A-Q44	8	Ayah	722	792	وَإِذْ قَالَ رَبُّكَ لِلْمَلَائِكَةِ إِنِّي خَالِقٌ بَشَرًا مِنْ طِينٍ
A-Q44	9	Ayah	797	867	وَإِذْ قَالَ رَبُّكَ لِلْمَلَائِكَةِ إِنِّي خَالِقٌ بَشَرًا مِنْ طِينٍ
A-Q44	10	Ayah	872	942	وَإِذْ قَالَ رَبُّكَ لِلْمَلَائِكَةِ إِنِّي خَالِقٌ بَشَرًا مِنْ طِينٍ
A-Q44	11	Ayah	947	1017	وَإِذْ قَالَ رَبُّكَ لِلْمَلَائِكَةِ إِنِّي خَالِقٌ بَشَرًا مِنْ طِينٍ
A-Q44	12	Ayah	1022	1068	وَإِذْ قَالَ رَبُّكَ لِلْمَلَائِكَةِ إِنِّي خَ
A-Q45	1	Ayah	24	105	قال الملك ائتوني به أستخلصه لنفسي فلما دخل المدينة قال يا أيها الملأ إني حفيظ علي
A-Q45	2	Hadith	157	234	لا تنظروا إلى ظاهر الناس فإنهن كثير ولكن انظر إلى قلوبهم فما الذي يوجد بداخله
A-Q46	1	Ayah	35	52	خسف الله به الأرض
A-Q47	1	Ayah	458	702	وَإِنَّ الَّذِينَ يَكْتُمُونَ الْفَحْشَاءَ مِنْهُمْ لَفِي الْعَذَابِ الْأَخِرَةِ إِنَّ اللَّهَ غَفُورٌ رَّحِيمٌ. وَإِنَّ الَّذِينَ يَكْتُمُونَ الْفَحْشَاءَ لَمَنْ عَلَيْهِمْ لَعْنَةُ اللَّهِ وَالْمَلَائِكَةِ وَالْإِنْسُ وَلَهُمْ عَذَابٌ أَلِيمٌ
A-Q47	2	Ayah	941	990	يَا أَيُّهَا الَّذِينَ آمَنُوا لَا تَقْرَبُوا الْ
A-Q48	0	NoAnnotation	0	0	
A-Q49	0	NoAnnotation	0	0	
A-Q50	1	Ayah	56	76	أربع أشهر وعشرة أيام
